1.4: Copy to Dataset Results,,,,,
Trial Name,Trace No. (T0S1),Start of Trace (Trial) (T0S1) (s),Baseline (T0S1R1) (mV),Antipeak Amp (T0S1R1) (mV),Time of Antipeak (Trace) (T0S1R1) (ms)
53115-T199-CA1-0005.abf,4,21.0211,-62.0439,0.113554,1069
53115-T208-Sub-0017.abf,4,21.0211,-61.634,-0.153893,862.5
53117-T218-CA1-0006.abf,4,21.0211,-62.2487,-0.098675,1080.8
53117-T220-Sub-0015.abf,4,21.0211,-61.7174,-0.457114,486.4
53117-T223-CA1-0024.abf,4,21.0211,-61.5577,-1.93916,441.8
53119-T209-CA1-0005.abf,4,21.0211,-60.8838,-1.11776,448.9
53119-T211-Sub-0014.abf,4,21.0211,-60.0415,-2.62128,495
53119-T212-Sub-0005.abf,4,21.0211,-60.7959,-5.89522,448.4
53119-T214-Sub-0016.abf,4,21.0211,-61.866,-5.7101,434.3
53123-T225-Sub-0005.abf,4,21.0211,-61.9656,-2.09082,469.9
53123-T226-CA1-0014.abf,4,21.0211,-61.6971,-1.27083,1174.9
53126-T230-Sub-0007.abf,4,21.0211,-59.2867,-0.914296,454.6
53126-T232-Sub-0024.abf,4,21.0211,-60.5822,0.0454853,1358.9
53126-T234-Sub-0037.abf,4,21.0211,-60.0961,-1.20351,1232.1
53127-T237-CA1-0005.abf,4,21.0211,-61.618,-0.139374,1201.2
53127-T240-Sub-0014.abf,4,21.0211,-62.2345,-1.00807,470.1
53129-T246-Sub-0017.abf,4,21.0211,-61.9223,-4.02616,460.6
53173-T182-CA1-0004.abf,4,21.0211,-61.3217,-1.13764,1012
53173-T183-Sub-0013.abf,4,21.0211,-66.3134,-1.32373,473.8
53174-T157-CA1-0011.abf,4,21.0211,-61.7505,-2.83482,468
53174-T158-Sub-0020.abf,4,21.0211,-61.4971,-3.14935,453
53174-T160-Sub-0028.abf,4,21.0211,-60.2877,-0.889843,453.7
53178-T161-CA1-0005.abf,4,21.0211,-64.6826,0.239659,1372
53178-T162-Sub-0020.abf,4,21.0211,-63.7347,-1.63391,469.2
53183-T163-CA1-0007.abf,4,21.0211,-69.8844,0.00934637,1176.3
53186-T168-CA1-0009.abf,4,21.0211,-60.639,-1.22013,718.5
53186-T170-Sub-0022.abf,4,21.0211,-62.0558,-0.30174,863.3
53186-T172-CA1-0032.abf,4,21.0211,-62.265,0.395675,1361.1
53195-T173-Sub-0004.abf,4,21.0211,-60.4718,-2.10955,414.6
53195-T174-CA1-0012.abf,4,21.0211,-61.6568,-0.629604,1269.8
53196-T175-CA1-0005.abf,4,21.0211,-58.7324,-0.410683,1236.8
53203-T176-Sub-0007.abf,4,21.0211,-59.444,-1.61154,464.1
53469-T110-CA1-0005.abf,4,21.0211,-61.8042,-1.60117,1096.8
53470-T111-Sub-0005.abf,4,21.0211,-60.0908,-1.01554,445.4
53470-T112-CA1-0015.abf,4,21.0211,-59.3702,-5.19485,422.8
53474-T116-Sub-0005.abf,4,21.0211,-61.6494,-0.647149,1024.2
53475-T120-CA1-0005.abf,4,21.0211,-59.2611,-2.16062,1309
53475-T121-Sub-0016.abf,4,21.0211,-59.8171,-1.44185,742.4
53479-T129-Sub-0005.abf,4,21.0211,-58.1214,0.00572809,1327.5
53614-T144-Sub-0006.abf,4,21.0211,-62.6055,-1.46104,490.7
53616-T154-Sub-0015.abf,4,21.0211,-59.2952,-1.21103,500.2
54229-T122-Sub-0009.abf,4,21.0211,-70.0734,-0.991898,662.9
54229-T124-Sub-0025.abf,4,21.0211,-60.5049,-0.225092,466.7
54229-T128-CA1-0030.abf,4,21.0211,-61.0222,-0.999659,1174
54234-T133-Sub-0010.abf,4,21.0211,-61.2104,0.103991,1124.3
54238-T135-Sub-0005.abf,4,21.0211,-64.6621,-4.61281,430.1
54240-T140-CA1-0011.abf,4,21.0211,-59.5958,-3.0466,444.8
57446-T256-Sub-0005.abf,4,21.0211,-61.8913,-0.242514,542.1
57446-T257-Sub-0016.abf,4,21.0211,-62.6866,-1.43079,536.9
57449-T258-Sub-0010.abf,4,21.0211,-60.0836,-0.503976,1107.1
57452-T263-Sub-0015.abf,4,21.0211,-59.1739,-0.976242,472.5
57452-T265-Sub-0026.abf,4,21.0211,-61.3452,-0.117231,1283.4
57454-T267-Sub-0017.abf,4,21.0211,-61.7474,0.142574,481.8
57455-T270-Sub-0008.abf,4,21.0211,-60.0965,-0.246882,1391.1
57932-T191-CA1-0007.abf,4,21.0211,-60.7238,0.0650576,1378.6
57933-T195-Sub-0017.abf,4,21.0211,-61.3732,-2.37801,470.7
57944-T251-Sub-0024.abf,4,21.0211,-61.5712,-0.11501,479.5
57944-T253-Sub-0033.abf,4,21.0211,-59.7889,-1.84647,477.9
57944-T255-Sub (probably not sub)-0045.abf,4,21.0211,-60.5663,-2.67628,623.4
57944-T301-Sub-0012.abf,4,21.0211,-62.1035,-2.66501,444
53206-T307-Sub-0007.abf,4,21.0211,-59.159,-0.0145801,1349.7
53206-T308-CA1-0017.abf,4,21.0211,-60.8489,-1.50869,1274.7
53208-T309-Sub-0006.abf,4,21.0211,-60.0018,-0.951938,460.9
53208-T310-Sub-0016.abf,4,21.0211,-60.0832,0.0347587,1354.3
53208-T311-CA1-0026.abf,4,21.0211,-59.6552,-0.718707,1165.2
53208-T312-Sub-0036.abf,4,21.0211,-60.0497,-1.74841,474.5
53209-T313-CA1-0007.abf,4,21.0211,-59.227,-3.95455,1141.5
53209-T314-Sub-0016.abf,4,21.0211,-60.6534,-4.29822,505.8
53209-T315-CA1-0026.abf,4,21.0211,-59.7185,-0.502858,1277.5
53456-T94-Sub-0007.abf,4,21.0211,-62.4684,0.151541,1350.5
53458-T95-CA1-0005.abf,4,21.0211,-61.6233,-0.246028,1084.7
53458-T96-CA1-0015.abf,4,21.0211,-62.0915,-2.23954,618.4
53463-T105-CA1-0006.abf,4,21.0211,-61.8102,0.0222781,1231.6
53463-T106-Sub-0024.abf,4,21.0211,-61.5013,-2.20923,521.5
53464-T107-Sub-0006.abf,4,21.0211,-59.0626,-0.172008,461.3
57457-T274-CA1-0005.abf,4,21.0211,-60.7356,-1.41851,1261.4
57457-T277-CA1 (DG)-0014.abf,4,21.0211,-61.044,-0.581182,467.6
57459-T279-Sub-0006.abf,4,21.0211,-58.7723,-0.594588,461.5
57459-T280-Sub-0015.abf,4,21.0211,-59.4327,-4.25752,519.7
57459-T281-Sub-0024.abf,4,21.0211,-60.3726,-3.91773,471.4
57460-T306-Sub-0009.abf,4,21.0211,-59.5359,-2.50629,1209
57461-T282-Sub-0005.abf,4,21.0211,-59.7739,-0.406789,1350.3
57461-T283-Sub-0014.abf,4,21.0211,-59.7683,-0.615831,1366.1
57461-T284-Sub-0023.abf,4,21.0211,-59.181,-2.17972,474.7
57461-T285-Sub-0032.abf,4,21.0211,-59.4727,-0.00606489,1300.5
57464-T201-Sub-0025.abf,4,21.0211,-59.5884,-0.500665,1177.4
57464-T286-Sub-0005.abf,4,21.0211,-59.6628,0.234872,1346.3
57464-T294-Sub-0034.abf,4,21.0211,-60.4635,-1.14132,514
57465-T297-Sub-0008.abf,4,21.0211,-61.323,0.979581,1382.8
57465-T298-CA1-0018.abf,4,21.0211,-60.9182,-0.371271,436.5
57465-T299-Sub-0029.abf,4,21.0211,-59.6631,-2.10446,434.5
57465-T300-CA1-0039.abf,4,21.0211,-60.622,-0.230008,455.8
58513-T317-Sub-0007.abf,4,21.0211,-59.8883,-0.149915,1226.4
58513-T318-CA1-0016.abf,4,21.0211,-60.2292,-1.96563,435.5
58514-T320-CA1-0006.abf,4,21.0211,-60.03,-0.445699,1309.7
58514-T322-Sub-0015.abf,4,21.0211,-59.1911,-0.541951,1226.7
58515-T323-CA1-0005.abf,4,21.0211,-59.9815,-0.189001,1229.2
58515-T324-Sub-0015.abf,4,21.0211,-60.3867,-0.160158,1278.9
58517-T325-Sub-0005.abf,4,21.0211,-59.685,-1.08565,1111.3
58517-T326-Sub-0014.abf,4,21.0211,-59.7161,-2.37697,434.6
58518-T327-CA1-0006.abf,4,21.0211,-59.0325,-0.629329,1329.2
58518-T333-CA1-0024.abf,4,21.0211,-59.8617,-1.38705,494.7
58518-T335-Sub-0033.abf,4,21.0211,-59.1954,-0.873405,461.3
58520-T336-Sub-0006.abf,4,21.0211,-60.755,-1.57203,1250.7
58525-T338-CA1-0005.abf,4,21.0211,-59.2796,-0.809476,1298.5
58525-T339-Sub-0025.abf,4,21.0211,-60.7587,-1.60903,451
58525-T340-CA1-0034.abf,4,21.0211,-58.709,-0.566318,485.7
58525-T341-Sub-0042.abf,4,21.0211,-60.1967,-3.43245,437.7
58526-T342-Sub-0007.abf,4,21.0211,-60.8145,0.216766,528.1
58526-T343-Sub-0019.abf,4,21.0211,-60.6007,0.318306,1326.2
58526-T344-Sub-0028.abf,4,21.0211,-60.2258,-0.148105,1367.9
61064-T350-CA1-0005.abf,4,21.0211,-61.4631,-0.36556,492.5
61603-T368-Sub-0005.abf,4,21.0211,-59.2949,-1.47578,988.1
61603-T369-CA1-0005.abf,4,21.0211,-57.5727,-0.746351,1156.6
61606-T352-Sub-0005.abf,4,21.0211,-60.5684,-3.43711,549.1
61606-T354-CA1-0005.abf,4,21.0211,-60.0323,-0.463754,1335.5
61608-T370-Sub-0007.abf,4,21.0211,-60.5111,-3.68767,513.1
61608-T371-Sub-0005.abf,4,21.0211,-60.6144,-3.64546,507.4
61611-T364-Sub-0006.abf,4,21.0211,-59.4404,-1.46253,595.1
61611-T365-Sub-0006.abf,4,21.0211,-60.3262,-0.576716,1368.6
61611-T367-CA1-0005.abf,4,21.0211,-60.5753,-0.836289,450
62127-T349-Sub-0005.abf,4,21.0211,-60.2718,-1.28212,1335.8
53455-T92-CA1-0006.abf,4,21.0211,-60.1534,-0.596929,497.6
53455-T93-SUB-0016.abf,4,21.0211,-60.7806,-1.11924,458.4
53459-T100-SUB-0036.abf,4,21.0211,-60.037,-1.1304,496
53459-T97-CA1-0005.abf,4,21.0211,-61.0194,0.30977,1381.8
53459-T98-SUB-0016.abf,4,21.0211,-60.9874,-2.1331,473.8
53459-T99-CA1-0026.abf,4,21.0211,-60.5805,-1.8381,482.7
53460-T101-CA1-0006.abf,4,21.0211,-61.6725,-1.4887,499.7
53460-T101-CA1-0007.abf,4,21.0211,-60.7007,-1.73831,481.4
53460-T102-SUB-0026.abf,4,21.0211,-60.9073,-1.01283,482.1
53460-T103-SUB-0038.abf,4,21.0211,-61.2479,-2.48295,813.1
53460-T104-CA1-0050.abf,4,21.0211,-61.3364,-4.85623,506.9
53466-T108-CA1-0005.abf,4,21.0211,-60.4778,-1.3712,487.8
53466-T109-CA1-0020.abf,4,21.0211,-60.313,0.488341,1382.5
54241-T76-CA1-0005.abf,4,21.0211,-60.3735,-0.86508,1358.4
54241-T77-SUB-0015.abf,4,21.0211,-60.2543,-1.23865,517.4
54242-T78-CA1-0025.abf,4,21.0211,-61.1323,-1.67285,462.9
54244-T79-SUB-0007.abf,4,21.0211,-59.2756,-0.223515,1212.9
54249-T80-CA1-0006.abf,4,21.0211,-60.8983,0.473544,1321.2
54252-T81-SUB-0006.abf,4,21.0211,-60.5542,-5.56722,471
54253-T82-CA1-0018.abf,4,21.0211,-61.2062,-0.988621,466.5
54255-T83-SUB-0007.abf,4,21.0211,-61.14,-2.27551,452.3
54255-T84-CA1-0024.abf,4,21.0211,-60.746,-2.97474,455.3
54258-T85-CA1-0007.abf,4,21.0211,-60.0091,-1.09722,438.7
54259-T86-SUB-0007.abf,4,21.0211,-60.1968,-0.268701,524.5
54262-T87-CA1-0005.abf,4,21.0211,-61.7421,-1.86675,1088.1
54264-T88-SUB-0005.abf,4,21.0211,-59.8155,-4.63759,471.1
54265-T89-CA1-0007.abf,4,21.0211,-61.2098,-1.88025,459.7
54265-T90-SUB-0018.abf,4,21.0211,-61.4271,-1.58156,469.1
54265-T91-SUB-0029.abf,4,21.0211,-59.9683,-2.78601,489.6
53116-T198-CA1-0005.abf,4,21.0211,-60.6624,-1.62395,1242.1
53116-T200-SUB-0015.abf,4,21.0211,-61.5659,0.0323363,1255
53116-T202-SUB-0025.abf,4,21.0211,-61.4842,-3.32494,450
53118-T203-SUB-0010.abf,4,21.0211,-61.0865,-0.386069,530.7
53118-T204-SUB-0020.abf,4,21.0211,-60.882,-0.0208826,1360.2
53118-T205-CA1-0031.abf,4,21.0211,-60.4005,-1.35687,941.7
53118-T206-CA1-0043.abf,4,21.0211,-61.5173,-0.0163505,1274.7
53118-T207-CA1-0057.abf,4,21.0211,-61.1187,0.195483,1279
53120-T210-SUB-0005.abf,4,21.0211,-60.4434,-2.59577,487
53120-T213-CA1-0039.abf,4,21.0211,-62.0143,-1.34018,464.5
53120-T215-CA1-0023.abf,4,21.0211,-61.1266,-0.346025,1358.9
53120-T216-SUB-0033.abf,4,21.0211,-60.8063,-0.768037,495.9
53122-T217-SUB-0005.abf,4,21.0211,-61.5742,-1.3327,459.4
53122-T219-CA1-0015.abf,4,21.0211,-61.3426,-2.97825,468.2
53122-T221-SUB-0029.abf,4,21.0211,-60.8263,-0.259716,657
53122-T222-SUB-0039.abf,4,21.0211,-60.8438,-0.984808,470.6
53122-T224-CA1-0051.abf,4,21.0211,-60.7677,-0.623517,1144.5
53124-T228-CA1-0011.abf,4,21.0211,-60.9989,-1.31796,496.2
53125-T229-CA1-0008.abf,4,21.0211,-60.8805,-0.592031,488.9
53125-T231-SUB-0015.abf,4,21.0211,-60.8674,-0.391555,440.6
53125-T233-CA1-0025.abf,4,21.0211,-60.2658,-1.68489,454.3
53125-T235-CA1-0035.abf,4,21.0211,-61.3707,-0.824092,1240.3
53125-T236-SUB-0045.abf,4,21.0211,-60.9773,0.00318745,1167.2
53125-T238-SUB-0055.abf,4,21.0211,-61.4398,-1.3247,466.6
53128-T239-SUB-0005.abf,4,21.0211,-61.7224,-3.03586,458
53128-T241-CA1-0016.abf,4,21.0211,-60.7509,-4.35322,452.4
53128-T242-SUB-0026.abf,4,21.0211,-60.9706,-0.562973,505.2
53128-T244-CA1-0005.abf,4,21.0211,-60.8742,-2.91774,449.4
53128-T245-SUB-0015.abf,4,21.0211,-61.7727,0.259444,1340
53177-T156-CA1-0006.abf,4,21.0211,-59.7303,-0.969145,482.1
53177-T158-SUB-0016.abf,4,21.0211,-61.1394,-2.91697,432
53177-T159-SUB-0026.abf,4,21.0211,-61.2052,-0.287769,1327.9
53180-T164-SUB-0005.abf,4,21.0211,-60.6473,-0.713377,445.6
53180-T165-SUB-0017.abf,4,21.0211,-61.0944,-0.937676,486.7
53180-T166-CA1-0027.abf,4,21.0211,-61.9616,-2.60347,459.4
53185-T167-SUB-0014.abf,4,21.0211,-61.4383,-0.726011,460
53185-T169-CA1-0029.abf,4,21.0211,-61.5178,-1.14498,466.4
53199-T171-CA1-0006.abf,4,21.0211,-61.2062,-0.357895,1063
53199-T177-SUB-0017.abf,4,21.0211,-61.0841,-1.49728,1158.7
53199-T178-CA1-0005.abf,4,21.0211,-60.834,-1.63547,459.9
53199-T179-SUB-0015.abf,4,21.0211,-60.206,-0.462944,1304.1
53202-T180-CA1-0013.abf,4,21.0211,-61.1091,-1.63506,438.2
53202-T181-SUB-0041.abf,4,21.0211,-62.1523,-2.40253,469.9
53446-T153-CA1-0005.abf,4,21.0211,-61.2445,-1.15374,441.7
53446-T155-SUB-0020.abf,4,21.0211,-61.2764,-0.633629,517
54237-T149-CA1-0005.abf,4,21.0211,-62.7281,-3.8714,458.7
54237-T150-SUB-0017.abf,4,21.0211,-60.8117,-3.51937,476.7
54237-T151-SUB-0027.abf,4,21.0211,-60.8818,-3.68318,483.5
54237-T152-CA1-0041.abf,4,21.0211,-60.9775,-0.332328,988.4
57443-T247-SUB-0033.abf,4,21.0211,-60.7034,-0.168977,1389.2
57443-T248-SUB-0043.abf,4,21.0211,-60.8338,-0.0793264,1369.4
57443-T249-CA1-0053.abf,4,21.0211,-60.87,0.51639,1234.6
57445-T250-SUB-0007.abf,4,21.0211,-61.3629,-0.140226,1209.7
57445-T252-CA1-0017.abf,4,21.0211,-61.4924,-2.11637,451.7
57445-T254-SUB-0031.abf,4,21.0211,-61.4899,-1.46788,1097.1
57451-T262-SUB-0005.abf,4,21.0211,-61.4301,-4.31496,449.3
57451-T264-SUB-0015.abf,4,21.0211,-61.1267,-2.02432,457.6
57451-T266-CA1-0027.abf,4,21.0211,-61.5748,-2.72577,448
57453-T268-SUB-0005.abf,4,21.0211,-60.9269,-3.55675,425.2
57453-T269-SUB-0025.abf,4,21.0211,-61.1415,-1.68398,459.6
57456-T272-SUB-0006.abf,4,21.0211,-61.513,-0.346161,1278.3
57458-T273-CA1-0005.abf,4,21.0211,-60.3416,-3.05361,436.6
57458-T275-CA1-0017.abf,4,21.0211,-61.3295,-1.88255,1207.9
57458-T276-SUB-0030.abf,4,21.0211,-61.3248,-0.117283,796.5
57458-T278-SUB-0040.abf,4,21.0211,-61.7338,-1.72245,455.8
57462-T287-SUB-0007.abf,4,21.0211,-60.8791,-0.542661,1389.5
57462-T288-CA1-0019.abf,4,21.0211,-61.0844,-0.866322,453.9
57462-T289-SUB-0030.abf,4,21.0211,-61.1437,-6.75794,474.1
57462-T290-CA1-0040.abf,4,21.0211,-61.4927,-0.183334,1311.7
57462-T291-CA1-0051.abf,4,21.0211,-61.5641,-0.193282,1239.8
57462-T292-SUB-0062.abf,4,21.0211,-60.969,-3.44345,458.7
57463-T293-CA1-0005.abf,4,21.0211,-61.2159,-1.69098,435.1
57463-T295-SUB-0016.abf,4,21.0211,-61.4112,-0.122427,1315.7
57463-T296-SUB-0030.abf,4,21.0211,-60.434,-1.60828,496.3
57468-T302-SUB-0009.abf,4,21.0211,-58.7395,-2.29563,457.3
57468-T303-SUB-0020.abf,4,21.0211,-59.3552,-2.79894,480.3
57468-T304-CA1-0030.abf,4,21.0211,-60.4999,-3.21066,420.8
57468-T305-CA1-0041.abf,4,21.0211,-62.1762,-1.36136,485.3
57590-T259-CA1-0015.abf,4,21.0211,-60.9497,-1.17391,482.5
57590-T260-SUB-0029.abf,4,21.0211,-61.0064,-0.0287586,1371.6
57590-T261-CA1-0058.abf,4,21.0211,-60.9101,-4.62129,463.9
57930-T185-CA1-0005.abf,4,21.0211,-61.0802,-0.38222,440.5
57930-T186-SUB-0016.abf,4,21.0211,-60.6087,-0.0195914,914.9
57930-T187-CA1-0026.abf,4,21.0211,-61.0674,-0.639156,1381.6
57930-T188-SUB-0036.abf,4,21.0211,-61.1556,-2.27014,489.7
57930-T189-SUB-0046.abf,4,21.0211,-61.2736,-3.77968,457.7
57931-T190-CA1-0005.abf,4,21.0211,-62.0254,-0.108344,444.4
57931-T192-SUB-0015.abf,4,21.0211,-60.9357,-0.994591,495.5
57931-T193-CA1-0049.abf,4,21.0211,-62.1635,-2.39132,431.2
57931-T194-SUB-0040.abf,4,21.0211,-62.0797,-0.603377,471.8
57934-T196-SUB-0005.abf,4,21.0211,-60.839,-2.62734,433.2
57934-T197-CA1-0015.abf,4,21.0211,-60.8875,-1.3582,451.6
58512-T316-SUB-0017.abf,4,21.0211,-59.7624,-1.03877,507.6
58512-T319-CA1-0027.abf,4,21.0211,-60.6174,-0.519481,452.6
58512-T321-CA1-0038.abf,4,21.0211,-60.1184,-1.97472,452.1
58516-T328-SUB-0006.abf,4,21.0211,-60.2505,-2.99209,520.1
58516-T329-CA1-0023.abf,4,21.0211,-61.0068,-3.92443,449.8
58519-T330-SUB-0005.abf,4,21.0211,-61.0576,-3.57861,479.1
58519-T332-CA1-0018.abf,4,21.0211,-58.8053,-1.02948,458.6
58519-T334-CA1-0027.abf,4,21.0211,-61.5218,-1.88357,438.2
58521-T337-SUB-0005.abf,4,21.0211,-59.7735,-5.3103,447.8
58521-T345-CA1-0015.abf,4,21.0211,-59.9619,-1.99892,451.9
58521-T346-SUB-0025.abf,4,21.0211,-60.5655,-2.8297,452.7
58521-T347-SUB-0035.abf,4,21.0211,-60.853,-0.517808,1036.2
58521-T348-CA1-0045.abf,4,21.0211,-60.5825,0.208599,1343.2
53451-T145-CA1-0009.abf,4,21.0211,-61.1512,-0.402788,1147.6
53454-T146-CA1-0005.abf,4,21.0211,-61.2823,-2.51979,468
53454-T147-SUB-0015.abf,4,21.0211,-61.7439,-4.89634,460.5
53454-T148-CA1-0025.abf,4,21.0211,-61.5206,-0.65389,471.6
53471-T113-CA1-0011.abf,4,21.0211,-59.9271,-0.752006,470.8
53472-T114-SUB-0010.abf,4,21.0211,-60.8335,0.0526331,1057.3
53472-T115-CA1-0021.abf,4,21.0211,-60.5813,0.288731,1199.9
53472-T117-SUB-0031.abf,4,21.0211,-60.7249,-1.55127,460.8
53472-T118-CA1-0041.abf,4,21.0211,-60.5039,-0.917793,471.9
53472-T119-CA1-0051.abf,4,21.0211,-60.7766,-2.84242,482.4
53477-T123-SUB-0005.abf,4,21.0211,-61.0434,-4.6813,484.5
53477-T125-SUB-0015.abf,4,21.0211,-60.9194,-0.085254,1222.5
53478-T126-CA1-0027.abf,4,21.0211,-61.3838,-2.82518,462
53478-T127-SUB-0037.abf,4,21.0211,-60.7362,-1.36705,488.6
53612-T141-CA1-0007.abf,4,21.0211,-60.6921,-0.220974,1362.5
53612-T142-SUB-0019.abf,4,21.0211,-60.9557,-2.47001,452.5
53612-T143-SUB-0030.abf,4,21.0211,-61.0712,-0.594677,1387.4
54232-T130-CA1-0014.abf,4,21.0211,-60.5175,-3.3965,479.4
54232-T131-SUB-0024.abf,4,21.0211,-61.4753,-3.38475,499.3
54233-T132-CA1-0005.abf,4,21.0211,-62.4585,-6.47057,459.4
54233-T134-SUB-0015.abf,4,21.0211,-60.9852,0.0416255,1199.9
54235-T136-CA1-0029.abf,4,21.0211,-61.3491,-1.8121,518.8
54235-T137-SUB-0039.abf,4,21.0211,-61.1158,-1.82166,487.1
54235-T138-CA1-0050.abf,4,21.0211,-61.2893,-1.82104,488.3
54235-T139-SUB-0060.abf,4,21.0211,-61.1034,-3.76682,480.1
61605-T351-SUB-0015.abf,4,21.0211,-61.0645,-1.08964,466.6
61605-T353-SUB-0025.abf,,,,-1.84284,480.9
61607-T355-CA1-0005.abf,4,21.0211,-60.8157,-1.47066,920.6
61607-T356-SUB-0019.abf,4,21.0211,-61.4807,-2.65708,496.2
61607-T357-CA1-0038.abf,4,21.0211,-60.6825,-3.9232,427.4
61609-T358-SUB-0007.abf,4,21.0211,-61.862,-5.85647,466.5
61609-T359-CA1-0034.abf,4,21.0211,-61.3082,-1.45633,441.4
61609-T360-SUB-0044.abf,4,21.0211,-60.4972,-1.0771,499
61610-T361-CA1-0005.abf,4,21.0211,-61.1144,0.282725,1069
61610-T362-SUB-0015.abf,4,21.0211,-61.135,0.0489524,1309.6
61610-T363-SUB-0025.abf,4,21.0211,-61.7408,0.156304,1183.4
61612-T365-CA1-0009.abf,4,21.0211,-59.8743,-7.18302,462.6
61612-T372-SUB-0019.abf,4,21.0211,-60.8067,-1.75433,558.9
61612-T373-SUB-0036.abf,4,21.0211,-60.9056,0.0331929,1139.1
61615-T374-CA1-0005.abf,4,21.0211,-60.7627,-4.58562,507.7
61615-T375-SUB-0015.abf,4,21.0211,-60.8137,-0.0994223,1330.1
61615-T376-CA1-0032.abf,4,21.0211,-60.535,-1.5378,478.9
61615-T377-SUB-0045.abf,4,21.0211,-61.2592,-1.55614,476.5
61615-T378-SUB-0055.abf,4,21.0211,-61.4282,-2.92323,524.5
63963-T411-CA1-0006.abf,4,21.0211,-61.6934,-0.135166,1289.4
63963-T412-CA1-0020.abf,4,21.0211,-60.053,-0.48373,501.3
63963-T413-SUB-0028.abf,4,21.0211,-60.8311,0.00958789,1073.6
63963-T414-SUB-0038.abf,4,21.0211,-60.9041,-0.181955,1376
63963-T415-SUB-0048.abf,4,21.0211,-60.7013,-0.171117,1116
63964-T416-SUB-0013.abf,4,21.0211,-60.8976,0.269383,454.9
63964-T417-SUB-0023.abf,4,21.0211,-61.4566,-1.16543,1271
63964-T418-SUB-0039.abf,4,21.0211,-60.7338,0.37008,1368.1
63964-T419-CA1-0049.abf,4,21.0211,-61.1092,-0.109066,1063.8
63965-T420-CA1-0005.abf,4,21.0211,-61.4774,-0.351224,1312.9
63965-T421-CA1-0017.abf,4,21.0211,-61.2145,-0.919294,1313.8
63965-T422-SUB-0033.abf,4,21.0211,-59.9937,0.219933,1386.7
63965-T423-SUB-0044.abf,4,21.0211,-60.2906,0.404973,1273.4
63965-T424-CA1-0054.abf,4,21.0211,-60.7445,0.360432,1285.5
63966-T425-SUB-0008.abf,4,21.0211,-59.5231,0.00362345,1252.4
63966-T426-CA1-0021.abf,4,21.0211,-60.26,0.618454,1365.6
63966-T427-SUB-0036.abf,4,21.0211,-59.8901,0.167234,1152.9
63966-T428-CA1-0047.abf,4,21.0211,-60.6105,-3.01868,480.8
63966-T429-SUB-0057.abf,4,21.0211,-59.9057,0.18276,1311.2
63967-T430-SUB-0005.abf,4,21.0211,-60.4964,0.183485,1339
63967-T431-SUB-0018.abf,4,21.0211,-60.582,0.0351234,1372.5
63967-T432-CA1-0033.abf,4,21.0211,-60.2029,0.0222565,1140.5
63967-T433-SUB-0048.abf,4,21.0211,-60.2373,-0.187462,1085.5
63967-T434-CA1-0072.abf,4,21.0211,-59.9004,-0.147996,1343.1
63968-T435-CA1-0005.abf,4,21.0211,-61.7476,0.24448,1162.7
63968-T436-CA1-0016.abf,4,21.0211,-61.205,-0.0844571,1227.9
63968-T437-SUB-0031.abf,4,21.0211,-60.3214,0.0695186,1389.5
63968-T438-SUB-0043.abf,4,21.0211,-60.3616,-0.073339,1336.6
63968-T439-SUB-0053.abf,4,21.0211,-60.6616,-2.02154,481.2
63969-T440-CA1-0005.abf,4,21.0211,-60.2696,-0.0127461,1216.8
63969-T441-SUB-0018.abf,4,21.0211,-60.6168,0.20212,1350.4
63969-T442-SUB-0032.abf,4,21.0211,-60.4299,-0.625622,1225.2
63969-T443-CA1-0044.abf,4,21.0211,-60.1542,0.207481,1080.8
63970-T445-CA1-0005.abf,4,21.0211,-60.536,-0.468663,930.8
63970-T446-SUB-0015.abf,4,21.0211,-60.1288,-0.0824224,466.3
63970-T447-SUB-0025.abf,4,21.0211,-60.471,-0.228442,616.7
63970-T448-CA1-0035.abf,4,21.0211,-60.9535,0.0913227,1033.5
63970-T449-SUB-0049.abf,,,,-0.994903,
63970-T450-SUB-0059.abf,4,21.0211,-60.8343,-0.831518,499.7
63971-T451-SUB-0017.abf,4,21.0211,-60.162,-3.24337,483.4
63971-T452-CA1-0027.abf,4,21.0211,-60.2167,0.229353,1150.2
63971-T453-SUB-0041.abf,4,21.0211,-60.6665,-2.84063,504.3
63971-T454-CA1-0051.abf,4,21.0211,-60.788,0.220767,1278.3
63972-T455-SUB-0008.abf,4,21.0211,-60.6744,-0.289542,1371.8
63972-T456-SUB-0022.abf,4,21.0211,-60.8704,-1.08025,1270.5
63972-T457-CA1-0038.abf,4,21.0211,-60.2093,0.140492,1285.2
63973-T458-SUB-0011.abf,4,21.0211,-60.0662,-0.826508,1141.4
63973-T459-SUB-0028.abf,4,21.0211,-60.3949,-5.06528,503.6
63973-T460-CA1-0038.abf,4,21.0211,-60.8884,-0.584207,1387.4
63973-T461-SUB-0048.abf,4,21.0211,-59.1933,-6.92817,498.6
63974-T462-SUB-0006.abf,4,21.0211,-60.6039,0.107916,1240.2
63974-T463-CA1-0015.abf,4,21.0211,-60.8644,0.032743,1138.9
63974-T464-SUB-0025.abf,4,21.0211,-60.1939,0.145497,637.7
63974-T465-CA1-0036.abf,4,21.0211,-60.4792,-0.372881,1384.8
63974-T466-SUB-0047.abf,4,21.0211,-59.3733,-0.3801,1024.3
63975-T467-SUB-0010.abf,4,21.0211,-59.8737,0.0999269,1328.1
63975-T468-SUB-0020.abf,4,21.0211,-61.3138,0.766945,535.8
63975-T469-CA1-0031.abf,4,21.0211,-60.9817,0.404324,1159.9
63975-T470-CA1-0046.abf,4,21.0211,-58.7848,-1.90445,455.9
63976-T471-CA1-0015.abf,4,21.0211,-60.2778,0.605755,1146.9
63976-T472-SUB-0037.abf,4,21.0211,-59.9079,-2.20551,499
63976-T473-CA1-0047.abf,4,21.0211,-59.8664,-0.324449,1276.7
63976-T474-SUB-0062.abf,4,21.0211,-59.4105,-0.0377466,896.9
