"Animal_ID","Age_Months","Sex","Line","Birth_Date","Pen","GripStrength_Test_Date","GripStrength_Trial1","GripStrength_Trial2","GripStrength_Trial3","GripStrength_TrialAverage","GripStrength_Comments","InclinedScreen_Test_Date","InclinedScreen_Trial1","InclinedScreen_Trial2","InclinedScreen_Trial3","InclinedScreen_TrialAverage","InclinedScreen_Comments","NarrowBeam_Test_Date","NarrowBeam_Trial1","NarrowBeam_Trial2","NarrowBeam_Trial3","NarrowBeam_TrialAverage","NarrowBeam_Comments","Sensorimotor_composite"
53115,18,"Female","(CByB6F1/J x C3D2F1/J)/J","2023-01-03",15371,"2024-06-27",-1.88,-1.83,-2.41,-2.04,NA,"2024-06-27",13.84,18.53,17.4,16.59,NA,"2024-06-27",31.85,38.91,18.5,29.75333333,"1_Ledge 2_Ledge 3_",-0.0504103086753719
53116,18,"Female","(CByB6F1/J x C3D2F1/J)/J","2023-01-03",15371,"2024-06-27",-2.15,-2.61,-1.96,-2.24,NA,"2024-06-27",10.12,4.28,10.31,8.236666667,NA,"2024-06-27",45.62,59.18,50.22,51.67333333,"1_Ledge 2_Ledge 3_Box",-0.16028399216411
53117,18,"Female","(CByB6F1/J x C3D2F1/J)/J","2023-01-03",15371,"2024-06-27",-2.11,-2.22,-2.06,-2.13,NA,"2024-06-27",13.43,19.04,14.96,15.81,NA,"2024-06-27",180,34.22,66.5,93.57333333,"1_DNM 2_Ledge 3_Box",0.388364987773703
53118,18,"Female","(CByB6F1/J x C3D2F1/J)/J","2023-01-03",15371,"2024-06-27",-1.91,-2.12,-1.98,-2.003333333,NA,"2024-06-27",2.44,16.22,20.84,13.16666667,NA,"2024-06-27",60.84,16.53,20.88,32.75,"1_Box 2_Ledge 3_Ledge",-0.0916748656576699
53119,18,"Female","(CByB6F1/J x C3D2F1/J)/J","2023-01-03",15371,"2024-06-27",-2.26,-2.27,-2.16,-2.23,NA,"2024-06-27",6.34,13.28,25.18,14.93333333,NA,"2024-06-27",45.88,60.03,3.9,36.60333333,"1_Box 2_Box 3_Ledge",-0.116408505307836
53120,18,"Female","(CByB6F1/J x C3D2F1/J)/J","2023-01-03",15372,"2024-06-27",-2.31,-1.98,-2.38,-2.223333333,NA,"2024-06-27",14.25,16.21,52.59,27.68333333,NA,"2024-06-27",180,180,180,180,"1_DNM 2_DNM 3_DNM",1.29691159265503
53121,18,"Female","(CByB6F1/J x C3D2F1/J)/J","2023-01-03",15372,"2024-06-27",-2.1,-1.75,-1.88,-1.91,NA,"2024-06-27",4.1,12.44,16.65,11.06333333,NA,"2024-06-27",4.38,6.15,19.5,10.01,"1_Fell @4.38 2_Fell @6.15 3_Ledge",-0.277757314420098
53122,18,"Female","(CByB6F1/J x C3D2F1/J)/J","2023-01-03",15372,"2024-06-27",-1.8,-2.12,-1.92,-1.946666667,NA,"2024-06-27",9.69,11.53,8.43,9.883333333,NA,"2024-06-27",9,66.69,14.03,29.90666667,"1_Fell @9 2_Ledge 3_Ledge",-0.166507547665769
53123,18,"Female","(CByB6F1/J x C3D2F1/J)/J","2023-01-03",15372,"2024-06-27",-1.93,-2,-2.16,-2.03,NA,"2024-06-27",22.69,53.66,43.75,40.03333333,NA,"2024-06-27",180,180,93.03,151.01,"1_DNM 2_DNM 3_Box",1.44254945371163
53124,18,"Female","(CByB6F1/J x C3D2F1/J)/J","2023-01-03",15372,"2024-06-27",-1.89,-2.56,-1.89,-2.113333333,NA,"2024-06-27",31.53,3.06,17.66,17.41666667,NA,"2024-06-27",23.62,69.97,25.35,39.64666667,"1_Fell @23.62 2_Box 3_Ledge",0.0146297820382474
53125,18,"Female","(CByB6F1/J x C3D2F1/J)/J","2023-01-03",15373,"2024-06-27",-1.72,-1.59,-2.12,-1.81,NA,"2024-06-27",6.18,12.44,2.94,7.186666667,NA,"2024-06-27",122.93,35.06,68.53,75.50666667,"1_Box 2_Box 3_Ledge",0.182041938920654
53126,18,"Female","(CByB6F1/J x C3D2F1/J)/J","2023-01-03",15373,"2024-06-27",-1.99,-2.23,-2.85,-2.356666667,NA,"2024-06-27",16.41,22.31,30.18,22.96666667,NA,"2024-06-27",42.78,36.78,76.44,52,"1_Fell @42.78 2_Box 3_Box",0.13722893567687
53127,18,"Female","(CByB6F1/J x C3D2F1/J)/J","2023-01-03",15373,"2024-06-27",-2.68,-2.32,-2.97,-2.656666667,NA,"2024-06-27",6.18,10.25,22.22,12.88333333,NA,"2024-06-27",70.13,20.56,19.88,36.85666667,"1_Box 2_Ledge 3_Ledge",-0.342936534205726
53128,18,"Female","(CByB6F1/J x C3D2F1/J)/J","2023-01-03",15373,"2024-06-27",-2.02,-1.93,-2.12,-2.023333333,NA,"2024-06-27",2.25,18.94,5.47,8.886666667,NA,"2024-06-27",6.59,22.25,43.78,24.20666667,"1_Fell @6.59 2_Fell @22.25 3_Box",-0.266472394204755
53129,18,"Female","(CByB6F1/J x C3D2F1/J)/J","2023-01-03",15373,"2024-06-27",-2.24,-1.21,-2.73,-2.06,NA,"2024-06-27",3.94,1.66,12.43,6.01,NA,"2024-06-27",48.43,30.22,30.5,36.38333333,"1_Box 2_Ledge 3_Ledge",-0.254776460376214
53170,25,"Female","(CByB6F1/J x C3D2F1/J)/J","2022-03-29",15382,"2024-04-30",-2.21,-2.31,-3.02,-2.513333333,NA,"2024-04-30",21.65,17.75,21.84,20.41333333,NA,"2024-04-30",3.79,27.07,25.03,18.63,"1_Fell @3.79 2_Fell @27.07 3_Ledge",-0.247640396667368
53173,25,"Female","(CByB6F1/J x C3D2F1/J)/J","2022-03-29",15382,"2024-04-30",-2.05,-2.26,-1.92,-2.076666667,NA,"2024-04-30",8.41,8.44,16.28,11.04333333,NA,"2024-04-30",21.75,48.44,36.43,35.54,"1_Fell @21.75 2_Ledge 3_Fell @36.43",-0.150704686133768
53174,25,"Female","(CByB6F1/J x C3D2F1/J)/J","2022-03-29",15382,"2024-04-30",-1.61,-2.72,-1.94,-2.09,NA,"2024-04-30",21.65,23.15,13.34,19.38,NA,"2024-04-30",17.84,45.87,39.69,34.46666667,"1_Fell @17.84 2_Ledge 3_Ledge",0.0302177459265627
53177,25,"Female","(CByB6F1/J x C3D2F1/J)/J","2022-03-29",15383,"2024-04-30",-3.28,-2.14,-1.96,-2.46,NA,"2024-04-30",14,17.32,24.06,18.46,NA,"2024-04-30",14.03,41.84,36.66,30.84333333,"1_Fell @14.03 2_Fell @41.84 3_Ledge",-0.175985835715436
53178,25,"Female","(CByB6F1/J x C3D2F1/J)/J","2022-03-29",15383,"2024-04-30",-1.79,-1.89,-1.85,-1.843333333,NA,"2024-04-30",13.4,12.44,25.34,17.06,NA,"2024-04-30",5.68,43.44,1.94,17.02,"1_Fell @5.68 2_Box 3_Ledge",-0.0549735662704974
53179,25,"Female","(CByB6F1/J x C3D2F1/J)/J","2022-03-29",15383,"2024-04-30",-1.89,-1.7,-2.08,-1.89,NA,"2024-04-30",9.16,13.44,15.53,12.71,NA,"2024-04-30",19.47,43.19,10.18,24.28,"1_Ledge 2_Box 3_Ledge",-0.120095021851424
53180,25,"Female","(CByB6F1/J x C3D2F1/J)/J","2022-03-29",15384,"2024-04-30",-1.75,-2.16,-2.08,-1.996666667,NA,"2024-04-30",5.78,9.28,4.41,6.49,NA,"2024-04-30",26.5,15.22,7.62,16.44666667,"1_Box 2_Ledge 3_Ledge",-0.371415338015355
53181,25,"Female","(CByB6F1/J x C3D2F1/J)/J","2022-03-29",15384,"2024-04-30",-2.1,-2.74,-1.4,-2.08,NA,"2024-04-30",12.19,11.03,12.59,11.93666667,NA,"2024-04-30",83.97,68.38,57.34,69.89666667,"1_Box 2_Ledge 3_Box",0.135298600488459
53183,25,"Female","(CByB6F1/J x C3D2F1/J)/J","2022-03-29",15384,"2024-04-30",-2.07,-2.04,-2,-2.036666667,NA,"2024-04-30",18.16,18.22,3.87,13.41666667,NA,"2024-04-30",33.34,41.71,33.41,36.15333333,"1_Ledge 2_Box 3_Box",-0.0735352492857186
53184,25,"Female","(CByB6F1/J x C3D2F1/J)/J","2022-03-29",15384,"2024-04-30",-1.54,-1.92,-2.47,-1.976666667,NA,"2024-04-30",4.88,6.44,3.56,4.96,NA,"2024-04-30",16,69.84,180,88.61333333,"1_Fell @16.00 2_Fell @69.84 3_DNM",0.161130906548399
53185,25,"Female","(CByB6F1/J x C3D2F1/J)/J","2022-03-29",15385,"2024-04-30",-1.83,-1.64,-2.02,-1.83,NA,"2024-04-30",16.87,27.82,16.69,20.46,NA,"2024-04-30",10.62,21.5,34.97,22.36333333,"1_Fell @10.62 2_Ledge 3_Box",0.0716054660048692
53186,25,"Female","(CByB6F1/J x C3D2F1/J)/J","2022-03-29",15385,"2024-04-30",-2.02,-1.51,-1.98,-1.836666667,NA,"2024-04-30",14.22,9.53,3.22,8.99,NA,"2024-04-30",15.12,63.41,24.81,34.44666667,"1_Fell @15.12 2_Box 3_Ledge",-0.105618511807061
53195,25,"Female","(CByB6F1/J x C3D2F1/J)/J","2022-03-29",15387,"2024-04-30",-2.18,-1.98,-2.54,-2.233333333,NA,"2024-04-30",10.09,21.38,34.47,21.98,NA,"2024-04-30",7.43,33.41,38.85,26.56333333,"1_Fell @7.43 2_Ledge 3_Ledge",-0.0309722083863366
53196,25,"Female","(CByB6F1/J x C3D2F1/J)/J","2022-03-29",15387,"2024-04-30",-2.4,-1.91,-1.99,-2.1,NA,"2024-04-30",35.25,9.19,20.62,21.68666667,NA,"2024-04-30",35.28,24.4,166.4,75.36,"1_Fell @35.28 2_Fell @24.40 3_Ledge",0.397149812527369
53197,25,"Female","(CByB6F1/J x C3D2F1/J)/J","2022-03-29",15387,"2024-04-30",-2.02,-2.03,-1.65,-1.9,NA,"2024-04-30",13.53,10.65,18.46,14.21333333,NA,"2024-04-30",70.94,42.09,26.34,46.45666667,"1_Ledge 2_Box 3_Box",0.0828580344442917
53198,25,"Female","(CByB6F1/J x C3D2F1/J)/J","2022-03-29",15387,"2024-04-30",-2.18,-1.87,-2.44,-2.163333333,NA,"2024-04-30",13.47,5.9,25.66,15.01,NA,"2024-04-30",6.07,28.44,31.81,22.10666667,"1_Fell @6.07 2_Fell @28.44 3_Ledge",-0.198863599957764
53199,25,"Female","(CByB6F1/J x C3D2F1/J)/J","2022-03-29",15387,"2024-04-30",-2.33,-1.87,-2.15,-2.116666667,NA,"2024-04-30",20.13,24.31,25.12,23.18666667,NA,"2024-04-30",2.12,37.59,38.4,26.03666667,"1_Fell @2.12 2_Ledge 3_Ledge",0.04252546951953
53202,25,"Female","(CByB6F1/J x C3D2F1/J)/J","2022-03-29",15388,"2024-04-30",-1.65,-2.61,-1.69,-1.983333333,NA,"2024-04-30",11.41,22,31.25,21.55333333,NA,"2024-04-30",31.5,53.5,80.56,55.18666667,"1_Fell @31.50 2_Fell @53.50 3_Fell @80.56",0.286907769601873
53203,25,"Female","(CByB6F1/J x C3D2F1/J)/J","2022-03-29",15388,"2024-04-30",-1.72,-2.21,-2.11,-2.013333333,NA,"2024-04-30",8.37,6.44,10.54,8.45,NA,"2024-04-30",12.82,91.81,24.72,43.11666667,"1_Ledge 2_Box 3_Fell @24.72",-0.125749779244338
53204,25,"Female","(CByB6F1/J x C3D2F1/J)/J","2022-03-29",15388,"2024-04-30",-2.07,-2.05,-1.8,-1.973333333,NA,"2024-04-30",18.31,38.13,35.06,30.5,NA,"2024-04-30",10.81,180,18.16,69.65666667,"1_Fell @10.81 2_DNM 3_Fell @18.16",0.612546520675637
53205,26,"Female","(CByB6F1/J x C3D2F1/J)/J","2022-03-29",15389,"2024-06-05",-2.61,-1.89,-1.84,-2.113333333,NA,"2024-06-05",14.44,23.84,14.15,17.47666667,NA,"2024-06-05",51.1,53.72,180,94.94,"1_Ledge 2_Box 3_DNM",0.444983492012811
53206,26,"Female","(CByB6F1/J x C3D2F1/J)/J","2022-03-29",15389,"2024-06-05",-1.86,-2.11,-1.89,-1.953333333,NA,"2024-06-05",11.19,8.03,20.37,13.19666667,NA,"2024-06-05",86.96,17.28,19.85,41.36333333,"1_Ledge 2_Ledge 3_Ledge",-0.00299313366112042
53206,29,"Female","(CByB6F1/J x C3D2F1/J)/J","2022-03-29",15389,"2024-08-30",-2.6,-2.78,-2.33,-2.57,NA,"2024-08-30",11.43,11.94,12.1,11.82333333,"","2024-08-30",180,125.28,41.46,115.58,"Trial1_timedout,Trial2_ledge,Trial3_ledge",0.279676022354413
53207,26,"Female","(CByB6F1/J x C3D2F1/J)/J","2022-03-29",15389,"2024-06-05",-1.67,-1.82,-2.11,-1.866666667,NA,"2024-06-05",41.07,22.19,7.53,23.59666667,NA,"2024-06-05",5.41,42,26.85,24.75333333,"1_Fell @5.41 2_Box 3_Ledge",0.147956758819185
53208,26,"Female","(CByB6F1/J x C3D2F1/J)/J","2022-03-29",15389,"2024-06-05",-1.98,-1.45,-1.88,-1.77,NA,"2024-06-05",8.22,18.34,9.59,12.05,NA,"2024-06-05",6.43,47.15,13.78,22.45333333,"1_Fell @6.43 2_Ledge 3_Ledge",-0.0989100233201217
53208,29,"Female","(CByB6F1/J x C3D2F1/J)/J","2022-03-29",15389,"2024-08-30",-2.89,-3.07,-2.66,-2.873333333,NA,"2024-08-30",19.15,3.25,21.03,14.47666667,"","2024-08-30",40.68,56.88,39.19,45.58333333,"Trial1_ledge,Trial2_box,Trial3_box",-0.329684184087196
53209,26,"Female","(CByB6F1/J x C3D2F1/J)/J","2022-03-29",15389,"2024-06-05",-1.73,-1.64,-1.57,-1.646666667,NA,"2024-06-05",23.25,12.13,18.53,17.97,NA,"2024-06-05",6.97,18,9.68,11.55,"1_Fell @6.97 2_Box 3_Ledge",0.00709636917155954
53209,29,"Female","(CByB6F1/J x C3D2F1/J)/J","2022-03-29",15389,"2024-08-30",-3.35,-3.82,-2.95,-3.373333333,NA,"2024-08-30",14.5,24.66,13.96,17.70666667,"","2024-08-30",18.5,43.94,25.75,29.39666667,"Trial1_ledge,Trial2_ledge,Trial3_ledge",-0.591350592447749
53211,26,"Female","(CByB6F1/J x C3D2F1/J)/J","2022-03-29",15390,"2024-06-05",-2.21,-3.18,-1.83,-2.406666667,NA,"2024-06-05",14.93,14.66,16.31,15.3,NA,"2024-06-05",29.5,19.69,32.22,27.13666667,"1_Ledge 2_Ledge 3_Box",-0.256043478987598
53212,26,"Female","(CByB6F1/J x C3D2F1/J)/J","2022-03-29",15391,"2024-06-05",-1.89,-1.9,-1.83,-1.873333333,NA,"2024-06-05",5.19,9.12,6.15,6.82,NA,"2024-06-05",80.87,168.04,32.38,93.76333333,"1_Ledge 2_Box 3_Ledge",0.288297290469809
53213,26,"Female","(CByB6F1/J x C3D2F1/J)/J","2022-03-29",15391,"2024-06-05",-1.81,-2.88,-1.3,-1.996666667,NA,"2024-06-05",17.38,13.1,17.03,15.83666667,NA,"2024-06-05",17.91,51.81,64.15,44.62333333,"1_Fell @17.91 2_Fell @51.81 3_Ledge",0.0656750865958175
53215,26,"Female","(CByB6F1/J x C3D2F1/J)/J","2022-03-29",15391,"2024-06-05",-2.32,-2.1,-2.42,-2.28,NA,"2024-06-05",6.97,7.87,13.56,9.466666667,NA,"2024-06-05",13.62,19.22,17.43,16.75666667,"1_Fell @13.62 2_Fell @19.22 3_Ledge",-0.419332070567223
53216,26,"Female","(CByB6F1/J x C3D2F1/J)/J","2022-03-29",15391,"2024-06-05",-1,-1.2,-1.32,-1.173333333,NA,"2024-06-05",12.6,19.06,7.56,13.07333333,NA,"2024-06-05",35.9,49.44,110.5,65.28,"1_Fell @35.90 2_Box 3_Fell @110.5",0.509765670266803
53218,26,"Female","(CByB6F1/J x C3D2F1/J)/J","2022-03-29",15392,"2024-06-05",-2.01,-2.14,-1.51,-1.886666667,NA,"2024-06-05",14.63,12.29,5.56,10.82666667,NA,"2024-06-05",75.78,47.28,109.25,77.43666667,"1_Box 2_Box 3_Ledge",0.249663081863545
53220,26,"Female","(CByB6F1/J x C3D2F1/J)/J","2022-03-29",15392,"2024-06-05",-3.05,-2.51,-2.21,-2.59,NA,"2024-06-05",2.16,2.28,1.25,1.896666667,NA,"2024-06-05",36.13,15.53,6.93,19.53,"1_Ledge 2_Ledge 3_Ledge",-0.705980988937554
53221,26,"Female","(CByB6F1/J x C3D2F1/J)/J","2022-03-29",15393,"2024-06-05",-2.3,-1.98,-2.3,-2.193333333,NA,"2024-06-05",5.87,28.53,6.38,13.59333333,NA,"2024-06-05",113,40.96,11,54.98666667,"1_Box 2_Ledge 3_Ledge",0.0103961080653005
53222,26,"Female","(CByB6F1/J x C3D2F1/J)/J","2022-03-29",15393,"2024-06-05",-2.06,-2.51,-1.83,-2.133333333,NA,"2024-06-05",16.5,28.37,25.37,23.41333333,NA,"2024-06-05",16.69,25.75,65.06,35.83333333,"1_Fell @16.69 2_Fell @25.75 3_Ledge",0.116770875950899
53223,26,"Female","(CByB6F1/J x C3D2F1/J)/J","2022-03-29",15393,"2024-06-05",-2.02,-2.08,-1.58,-1.893333333,NA,"2024-06-05",16.93,25.63,21.69,21.41666667,NA,"2024-06-05",180,180,18.75,126.25,"1_DNM 2_DMN 3_Ledge",0.873092152081769
53225,26,"Female","(CByB6F1/J x C3D2F1/J)/J","2022-03-29",15394,"2024-06-05",-2.35,-1.68,-1.99,-2.006666667,NA,"2024-06-05",14.19,4.69,11.85,10.24333333,NA,"2024-06-05",7.97,34.72,15.35,19.34666667,"1_Fell @7.97 2_Box 3_Ledge",-0.265405801106834
53226,26,"Female","(CByB6F1/J x C3D2F1/J)/J","2022-03-29",15394,"2024-06-05",-2.63,-2.26,-2.43,-2.44,NA,"2024-06-05",8.72,9.66,4.55,7.643333333,NA,"2024-06-05",4.81,53,33.38,30.39666667,"1_Fell @4.81 2_Ledge 3_Ledge",-0.423855257706052
53227,26,"Female","(CByB6F1/J x C3D2F1/J)/J","2022-03-29",15394,"2024-06-05",-2.42,-1.97,-2.31,-2.233333333,NA,"2024-06-05",13.94,11,5.75,10.23,NA,"2024-06-05",24.21,55.75,17.5,32.48666667,"1_Fell @24.21 2_Ledge 3_Ledge",-0.259708191967055
53228,26,"Female","(CByB6F1/J x C3D2F1/J)/J","2022-03-29",15394,"2024-06-05",-2.17,-1.72,-1.76,-1.883333333,NA,"2024-06-05",4.59,6.81,5.69,5.696666667,NA,"2024-06-05",16.74,26.15,6.82,16.57,"1_Fell @ 16.74 2_Box 3_Ledge",-0.341041170098647
53230,26,"Female","(CByB6F1/J x C3D2F1/J)/J","2022-03-29",15395,"2024-06-05",-2.12,-1.94,-2.32,-2.126666667,NA,"2024-06-05",34.38,15.56,34.43,28.12333333,NA,"2024-06-05",15.81,35.13,9.38,20.10666667,"1_Ledge 2_35.13 3_Ledge",0.107697780274964
53232,26,"Female","(CByB6F1/J x C3D2F1/J)/J","2022-03-29",15396,"2024-06-05",-1.86,-2.14,-1.68,-1.893333333,NA,"2024-06-05",9.09,17.09,48.97,25.05,NA,"2024-06-05",13.53,16.19,42.03,23.91666667,"1_Fell @13.53 2_Fell @16.19 3_Ledge",0.164156100741008
53233,26,"Female","(CByB6F1/J x C3D2F1/J)/J","2022-03-29",15396,"2024-06-05",-1.61,-2.4,-1.84,-1.95,NA,"2024-06-05",11.25,16.75,9.91,12.63666667,NA,"2024-06-05",5.07,28.66,13.5,15.74333333,"1_Fell @5.07 2_Box 3_Ledge",-0.213427114709289
53234,26,"Female","(CByB6F1/J x C3D2F1/J)/J","2022-03-29",15396,"2024-06-05",-2.27,-1.8,-1.9,-1.99,NA,"2024-06-05",15.69,40.34,34.09,30.04,NA,"2024-06-05",2.34,180,180,120.78,"1_Fell @2.34 2_DNM 3_DNM",0.991340604544822
53440,24,"Female","(CByB6F1/J x C3D2F1/J)/J","2022-04-12",15468,"2024-03-28",-1.73,-1.48,-2.44,-1.883333333,NA,"2024-03-28",11.19,15.12,6.38,10.89666667,NA,"2024-03-28",62.72,50.31,35.47,49.5,"1_Box 2_Fell @50.31 3_Ledge",0.0359849470311321
53441,24,"Female","(CByB6F1/J x C3D2F1/J)/J","2022-04-12",15468,"2024-03-28",-2.08,-2.18,-2.11,-2.123333333,NA,"2024-03-28",20,16.47,40.88,25.78333333,NA,"2024-03-28",26.35,39.25,25.85,30.48333333,"1_Ledge 2_Fell @39.25 3_Ledge",0.134904160406367
53442,24,"Female","(CByB6F1/J x C3D2F1/J)/J","2022-04-12",15468,"2024-03-28",-1.64,-2.08,-2.23,-1.983333333,NA,"2024-03-28",12.03,18.53,8.28,12.94666667,NA,"2024-03-28",129.53,24.85,90.13,81.50333333,"1_Ledge 2_Ledge 3_Box",0.28986168319831
53443,24,"Female","(CByB6F1/J x C3D2F1/J)/J","2022-04-12",15468,"2024-03-28",-2.76,-1.9,-1.8,-2.153333333,NA,"2024-03-28",19.22,32.63,14.35,22.06666667,NA,"2024-03-28",47.63,32.63,21.28,33.84666667,"1_Fell @47.63 2_Box 3_Ledge",0.0614127349282666
53445,24,"Female","(CByB6F1/J x C3D2F1/J)/J","2022-04-12",15469,"2024-03-28",-2.72,-2.01,-2.16,-2.296666667,NA,"2024-03-28",5.03,8.78,13.25,9.02,NA,"2024-03-28",180,180,99.31,153.1033333,"1_DNM 2_DNM 3_Ledge",0.620913785756749
53446,24,"Female","(CByB6F1/J x C3D2F1/J)/J","2022-04-12",15469,"2024-03-28",-1.89,-2.15,-3.04,-2.36,NA,"2024-03-28",10.46,22.32,24.13,18.97,NA,"2024-03-28",42.18,15.35,6,21.17666667,"1_Box 2_Ledge 3_Ledge",-0.196733783780392
53448,24,"Female","(CByB6F1/J x C3D2F1/J)/J","2022-04-12",15469,"2024-03-28",-2.36,-2.19,-2.22,-2.256666667,NA,"2024-03-28",21.14,15.5,15.28,17.30666667,NA,"2024-03-28",5.38,27,40.57,24.31666667,"1_Fell @5.38 2_Fell @27.00 3_Box",-0.167527776492172
53450,24,"Female","(CByB6F1/J x C3D2F1/J)/J","2022-04-12",15470,"2024-03-28",-2.63,-1.88,-2.01,-2.173333333,NA,"2024-03-28",13.34,23.5,15.28,17.37333333,NA,"2024-03-28",19.62,34,177.88,77.16666667,"1_Fell @19.62 2_Ledge 3_Ledge",0.279294452801768
53451,24,"Female","(CByB6F1/J x C3D2F1/J)/J","2022-04-12",15470,"2024-03-28",-2.12,-1.93,-1.99,-2.013333333,NA,"2024-03-28",6,9.22,9.65,8.29,NA,"2024-03-28",37.57,55.56,16,36.37666667,"1_Ledge 2_Ledge 3_Ledge",-0.181777343271144
53452,24,"Female","(CByB6F1/J x C3D2F1/J)/J","2022-04-12",15470,"2024-03-28",-1.55,-1.78,-2.28,-1.87,NA,"2024-03-28",5.81,14.44,52.4,24.21666667,NA,"2024-03-28",27.25,180,178.45,128.5666667,"1_Fell @27.25 2_DNM 3_Box",0.966396590955389
53453,24,"Female","(CByB6F1/J x C3D2F1/J)/J","2022-04-12",15470,"2024-03-28",-2.52,-2.16,-1.78,-2.153333333,NA,"2024-03-28",9.12,10.84,15.63,11.86333333,NA,"2024-03-28",27.31,53.47,24.65,35.14333333,"1_Fell @27.31 2_Box 3_Ledge",-0.167058239967518
53454,24,"Female","(CByB6F1/J x C3D2F1/J)/J","2022-04-12",15470,"2024-03-28",-2.32,-2.53,-2.04,-2.296666667,NA,"2024-03-28",28.63,128.56,53.66,70.28333333,NA,"2024-03-28",2.09,45.84,38.63,28.85333333,"1_Fell @2.09 2_Ledge 3_Ledge",1.08920922369249
53455,22,"Female","(CByB6F1/J x C3D2F1/J)/J","2022-04-12",15471,"2024-02-19",-3.03,-2,-1.91,-2.313333333,NA,"2024-02-19",8.06,17.81,8.31,11.39333333,NA,"2024-02-19",27.44,55.31,10.47,31.07333333,"1_Ledge 2_Box 3_Ledge",-0.277333139472975
53456,22,"Female","(CByB6F1/J x C3D2F1/J)/J","2022-04-12",15471,"2024-02-19",-1.81,-1.75,-1.92,-1.826666667,NA,"2024-02-19",6.66,7.63,2.25,5.513333333,NA,"2024-02-19",59.15,43.75,20.84,41.24666667,"1_Box 2_Box 3_Ledge",-0.129910193001084
53457,22,"Female","(CByB6F1/J x C3D2F1/J)/J","2022-04-12",15471,"2024-02-19",-2.36,-2.24,-2.34,-2.313333333,NA,"2024-02-19",3.37,2.54,4.16,3.356666667,NA,"2024-02-19",56.9,114.13,180,117.01,"1_Ledge 2_Ledge 3_DNM",0.201462231623764
53458,22,"Female","(CByB6F1/J x C3D2F1/J)/J","2022-04-12",15471,"2024-02-19",-2.58,-1.77,-1.98,-2.11,NA,"2024-02-19",7.19,6.56,5.56,6.436666667,NA,"2024-02-19",126.87,14.12,49.69,63.56,"1_Box 2_Ledge 3_Box",-0.0551330390033966
53459,22,"Female","(CByB6F1/J x C3D2F1/J)/J","2022-04-12",15471,"2024-02-19",-2.38,-2.31,-2.04,-2.243333333,NA,"2024-02-19",20.85,23.59,30.41,24.95,NA,"2024-02-19",30.75,41.91,74.97,49.21,"1_Fell @30.75 2_Fell @41.91 3_Ledge",0.209914234691053
53460,22,"Female","(CByB6F1/J x C3D2F1/J)/J","2022-04-12",15472,"2024-02-19",-2.8,-1.69,-2.69,-2.393333333,NA,"2024-02-19",4.31,34.4,11.53,16.74666667,NA,"2024-02-19",31.65,30.68,45.2,35.84333333,"1_Fell @31.65 2_Ledge 3_Ledge",-0.149036980523945
53461,22,"Female","(CByB6F1/J x C3D2F1/J)/J","2022-04-12",15472,"2024-02-19",-2.24,-2.24,-1.74,-2.073333333,NA,"2024-02-19",13.43,17.88,7.93,13.08,NA,"2024-02-19",68.69,50.69,44.63,54.67,"1_Box 2_Fell @50.69 3_Box",0.0467240122442498
53463,22,"Female","(CByB6F1/J x C3D2F1/J)/J","2022-04-12",15472,"2024-02-19",-1.74,-2.06,-2,-1.933333333,NA,"2024-02-19",10.97,16.32,39.5,22.26333333,NA,"2024-02-19",23.47,75.34,35.18,44.66333333,"1_Fell @23.47 2_Ledge 3_Ledge",0.243029121416776
53464,22,"Female","(CByB6F1/J x C3D2F1/J)/J","2022-04-12",15472,"2024-02-19",-1.89,-1.77,-2.16,-1.94,NA,"2024-02-19",16.09,10,7.44,11.17666667,NA,"2024-02-19",28.19,61.16,44.1,44.48333333,"1_Fell @28.19 2_Box 3_Ledge",-0.0203691108709965
53465,22,"Female","(CByB6F1/J x C3D2F1/J)/J","2022-04-12",15473,"2024-02-19",-3.02,-2.39,-2.12,-2.51,NA,"2024-02-19",12.06,16.88,61.97,30.30333333,NA,"2024-02-19",104.18,89.75,180,124.6433333,"1_Ledge 2_Ledge 3_DNM",0.807398856491311
53466,22,"Female","(CByB6F1/J x C3D2F1/J)/J","2022-04-12",15473,"2024-02-19",-2.65,-2.13,-2.43,-2.403333333,NA,"2024-02-19",26.44,85.59,34.59,48.87333333,NA,"2024-02-19",84.12,180,180,148.04,"1_Fell @84.12 2_DNM 3_DNM",1.46816963404197
53467,22,"Female","(CByB6F1/J x C3D2F1/J)/J","2022-04-12",15473,"2024-02-19",-2.25,-2.1,-1.71,-2.02,NA,"2024-02-19",5.09,5.78,6.25,5.706666667,NA,"2024-02-19",5.09,95.44,76.4,58.97666667,"1_Fell @5.09 2_Ledge 3_Ledge",-0.069666232558864
53468,22,"Female","(CByB6F1/J x C3D2F1/J)/J","2022-04-12",15473,"2024-02-19",-2.77,-2.65,-2.32,-2.58,NA,"2024-02-19",32.03,17.93,47.62,32.52666667,NA,"2024-02-19",4.43,122.46,180,102.2966667,"1_Fell @4.43 2_Box 3_DNM",0.656391068251378
53469,22,"Female","(CByB6F1/J x C3D2F1/J)/J","2022-04-12",15473,"2024-02-19",-2.31,-2.52,-2.21,-2.346666667,NA,"2024-02-19",10.97,20.5,14.53,15.33333333,NA,"2024-02-19",14.35,35.03,9.66,19.68,"1_Ledge 2_Box 3_Ledge",-0.287718541292602
53470,22,"Female","(CByB6F1/J x C3D2F1/J)/J","2022-04-12",15474,"2024-02-19",-2.12,-1.81,-2.11,-2.013333333,NA,"2024-02-19",22.22,32.28,10.78,21.76,NA,"2024-02-19",40.16,46.38,22.03,36.19,"1_Fell @40.16 2_Ledge 3_Ledge",0.131671776877501
53471,22,"Female","(CByB6F1/J x C3D2F1/J)/J","2022-04-12",15474,"2024-02-19",-2.03,-2.39,-1.88,-2.1,NA,"2024-02-19",8.9,10.53,11.46,10.29666667,NA,"2024-02-19",50.62,47.25,12.07,36.64666667,"1_Box 2_Box 3_Ledge",-0.169449658871751
53472,22,"Female","(CByB6F1/J x C3D2F1/J)/J","2022-04-12",15474,"2024-02-19",-1.65,-2.74,-1.89,-2.093333333,NA,"2024-02-19",17.53,29.41,29.97,25.63666667,NA,"2024-02-19",33.63,180,53.6,89.07666667,"1_Fell @33.63 2_DNM 3_Ledge",0.598723276630669
53473,22,"Female","(CByB6F1/J x C3D2F1/J)/J","2022-04-12",15474,"2024-02-19",-2.43,-2.1,-1.82,-2.116666667,NA,"2024-02-19",15.72,20.75,13.18,16.55,NA,"2024-02-19",41,7.6,12.04,20.21333333,"1_Box 2_Ledge 3_Ledge",-0.157800220851734
53474,22,"Female","(CByB6F1/J x C3D2F1/J)/J","2022-04-12",15474,"2024-02-19",-2.28,-2.73,-2.52,-2.51,NA,"2024-02-19",8.37,25.62,19.41,17.8,NA,"2024-02-19",100.28,114.9,94.34,103.1733333,"1_Box 2_Box 3_Box",0.34854146208656
53475,22,"Female","(CByB6F1/J x C3D2F1/J)/J","2022-04-12",15475,"2024-02-19",-1.7,-1.39,-2.19,-1.76,NA,"2024-02-19",7.19,4.38,6.66,6.076666667,NA,"2024-02-19",24,18.43,122.96,55.13,"1_Ledge 2_Fell @18.43 3_Fell @122.96",0.019176376345695
53476,22,"Female","(CByB6F1/J x C3D2F1/J)/J","2022-04-12",15475,"2024-02-19",-2.06,-2.28,-2.27,-2.203333333,NA,"2024-02-19",4.88,23.9,23.22,17.33333333,NA,"2024-02-19",64.5,57.31,46,55.93666667,"1_Ledge 2_Ledge 3_Ledge",0.100966358727168
53477,22,"Female","(CByB6F1/J x C3D2F1/J)/J","2022-04-12",15475,"2024-02-19",-2.35,-2.14,-2.35,-2.28,NA,"2024-02-19",6.43,15.31,22.69,14.81,NA,"2024-02-19",25.16,21.88,43.25,30.09666667,"1_Ledge 2_Ledge 3_Fell @43.25",-0.190929190588155
53478,22,"Female","(CByB6F1/J x C3D2F1/J)/J","2022-04-12",15475,"2024-02-19",-2.28,-1.75,-2.19,-2.073333333,NA,"2024-02-19",9.1,16.84,18.28,14.74,NA,"2024-02-19",119.18,152.69,180,150.6233333,"1_Ledge 2_Ledge 3_DNM",0.829911517490973
53479,22,"Female","(CByB6F1/J x C3D2F1/J)/J","2022-04-12",15475,"2024-02-19",-2.36,-1.55,-1.39,-1.766666667,NA,"2024-02-19",10.28,3.78,14.37,9.476666667,NA,"2024-02-19",16.91,19.68,50.66,29.08333333,"1_Ledge 2_Ledge 3_Box",-0.10622408214965
53612,23,"Female","(CByB6F1/J x C3D2F1/J)/J","2022-04-26",15515,"2024-03-21",-2.19,-2.12,-1.99,-2.1,NA,"2024-03-21",12,34.81,16.88,21.23,NA,"2024-03-21",35.9,180,102.78,106.2266667,"1_Fell @35.9 2_DNM 3_Ledge",0.625929442409171
53614,23,"Female","(CByB6F1/J x C3D2F1/J)/J","2022-04-26",15515,"2024-03-21",-2.23,-1.57,-1.82,-1.873333333,NA,"2024-03-21",4.81,24.28,68.22,32.43666667,NA,"2024-03-21",99.79,9.59,16.16,41.84666667,"1_Box 2_Ledge 3_Ledge",0.484399537465106
53616,23,"Female","(CByB6F1/J x C3D2F1/J)/J","2022-04-26",15515,"2024-03-21",-1.78,-1.47,-1.94,-1.73,NA,"2024-03-21",7.87,25.97,10.25,14.69666667,NA,"2024-03-21",180,94.9,180,151.6333333,"1_DNM 2_Ledge 3_DNM",0.982035492095854
53617,23,"Female","(CByB6F1/J x C3D2F1/J)/J","2022-04-26",15516,"2024-03-21",-2.37,-2.27,-1.75,-2.13,NA,"2024-03-21",10.65,26.38,26.81,21.28,NA,"2024-03-21",175.48,32.72,16.34,74.84666667,"1_Ledge 2_Ledge 3_Ledge",0.370964324134512
53618,23,"Female","(CByB6F1/J x C3D2F1/J)/J","2022-04-26",15516,"2024-03-21",-2.27,-2.16,-1.92,-2.116666667,NA,"2024-03-21",13.85,17.5,5.06,12.13666667,NA,"2024-03-21",20.4,101.66,180,100.6866667,"1_Ledge 2_Box 3_DNM",0.363317151298909
53620,23,"Female","(CByB6F1/J x C3D2F1/J)/J","2022-04-26",15516,"2024-03-21",-2.16,-1.72,-2.14,-2.006666667,NA,"2024-03-21",5.47,17.5,28.13,17.03333333,NA,"2024-03-21",72.68,9.46,8.41,30.18333333,"1_Ledge 2_Ledge 3_Ledge",-0.0226034211661149
53621,23,"Female","(CByB6F1/J x C3D2F1/J)/J","2022-04-26",15516,"2024-03-21",-2.14,-2.31,-1.74,-2.063333333,NA,"2024-03-21",11.34,11.62,7.94,10.3,NA,"2024-03-21",67.13,62.28,68.38,65.93,"1_Fell @67.13 2_Fell @62.28 3_Box",0.0733182752247355
53622,23,"Female","(CByB6F1/J x C3D2F1/J)/J","2022-04-26",15517,"2024-03-21",-1.79,-2.21,-1.94,-1.98,NA,"2024-03-21",15.66,25.6,15.28,18.84666667,NA,"2024-03-21",35.91,31.16,20.85,29.30666667,"1_Ledge 2_Ledge 3_Ledge",0.0242727100392715
53623,23,"Female","(CByB6F1/J x C3D2F1/J)/J","2022-04-26",15517,"2024-03-21",-2.2,-2.13,-2.06,-2.13,NA,"2024-03-21",7.1,10.16,10.18,9.146666667,NA,"2024-03-21",180,37.5,180,132.5,"1_Fell @180 2_Fell @37.5 3_DNM",0.534574552430715
53624,23,"Female","(CByB6F1/J x C3D2F1/J)/J","2022-04-26",15517,"2024-03-21",-1.61,-2.11,-2.18,-1.966666667,NA,"2024-03-21",27.56,94.85,35.28,52.56333333,NA,"2024-03-21",165.93,56.41,22.56,81.63333333,"1_Box 2_Ledge 3_Ledge",1.22406907521905
53625,23,"Female","(CByB6F1/J x C3D2F1/J)/J","2022-04-26",15517,"2024-03-21",-3.05,-2.15,-1.47,-2.223333333,NA,"2024-03-21",10.38,14.53,16.41,13.77333333,NA,"2024-03-21",15.09,51.66,18.69,28.48,"1_Fell @15.09 2_Box 3_Ledge",-0.203723882202725
53627,23,"Female","(CByB6F1/J x C3D2F1/J)/J","2022-04-26",15518,"2024-03-21",-2.65,-3.29,-2.18,-2.706666667,NA,"2024-03-21",20.37,7.34,13.13,13.61333333,NA,"2024-03-21",36.56,16.59,27.28,26.81,"1_Fell @36.56 2_Ledge 3_Ledge",-0.424970656906771
53628,23,"Female","(CByB6F1/J x C3D2F1/J)/J","2022-04-26",15518,"2024-03-21",-2.19,-3.22,-1.8,-2.403333333,NA,"2024-03-21",23.84,18.44,13.13,18.47,NA,"2024-03-21",39.75,5.5,34.16,26.47,"1_Fell @39.75 2_Fell @5.5 3_Ledge",-0.185697388636045
53630,23,"Female","(CByB6F1/J x C3D2F1/J)/J","2022-04-26",15518,"2024-03-21",-2.19,-2.88,-2.71,-2.593333333,NA,"2024-03-21",34.65,18.5,10.44,21.19666667,NA,"2024-03-21",5.62,40.66,14.1,20.12666667,"1_Fell @65.62 2_Ledge 3_Ledge",-0.251573848877834
53631,23,"Female","(CByB6F1/J x C3D2F1/J)/J","2022-04-26",15518,"2024-03-21",-2.24,-2.2,-2.09,-2.176666667,NA,"2024-03-21",6.03,5.5,21.75,11.09333333,NA,"2024-03-21",22.22,30.56,18.65,23.81,"1_Ledge 2_Box 3_Ledge",-0.282854920732511
53632,23,"Female","(CByB6F1/J x C3D2F1/J)/J","2022-04-26",15519,"2024-03-21",-2.34,-2.4,-2.2,-2.313333333,NA,"2024-03-21",8.19,5.69,16.36,10.08,NA,"2024-03-21",29.63,5.44,19.09,18.05333333,"1_Fell @29.63 2_Fell @5.44 3_Box",-0.40904152919978
53633,23,"Female","(CByB6F1/J x C3D2F1/J)/J","2022-04-26",15519,"2024-03-21",-1.99,-1.69,-2.05,-1.91,NA,"2024-03-21",4.03,12.09,3.5,6.54,NA,"2024-03-21",31.03,21.09,29.5,27.20666667,"1_Box 2_Ledge 3_Ledge",-0.250095123747337
53634,23,"Female","(CByB6F1/J x C3D2F1/J)/J","2022-04-26",15519,"2024-03-21",-2.94,-2.43,-2.6,-2.656666667,NA,"2024-03-21",2.44,2.25,2.22,2.303333333,NA,"2024-03-21",87.85,25.16,19.87,44.29333333,"1_Fell  @87.85 2_Box 3_Ledge",-0.532580602958636
53635,23,"Female","(CByB6F1/J x C3D2F1/J)/J","2022-04-26",15519,"2024-03-21",-2.3,-2.34,-2.79,-2.476666667,NA,"2024-03-21",10.5,13.28,11.03,11.60333333,NA,"2024-03-21",21.09,37.06,28.38,28.84333333,"1_Fell @21.09 2_Box 3_Ledge",-0.358847685772633
53636,23,"Female","(CByB6F1/J x C3D2F1/J)/J","2022-04-26",15519,"2024-03-21",-2.2,-2.43,-2.03,-2.22,NA,"2024-03-21",7.03,9.1,11.25,9.126666667,NA,"2024-03-21",12,49.43,16.32,25.91666667,"1_Fell @12 2_Ledge 3_Fell @16.32",-0.33082709334146
53652,27,"Female","(CByB6F1/J x C3D2F1/J)/J","2022-04-26",15223,"2024-08-08",-2.09,-2.58,-2.62,-2.43,NA,"2024-08-08",6.87,15.97,49.03,23.95666667,"Mouse has bloody vaginal discharge","2024-08-08",180,180,180,180,"Trial1_fell@108.97s,Trial2_timedout,Trial3_fell@84.91s",1.12232764893447
53653,27,"Female","(CByB6F1/J x C3D2F1/J)/J","2022-04-26",15223,"2024-08-08",-2.55,-3.01,-2.65,-2.736666667,NA,"2024-08-08",23.56,9.81,6.63,13.33333333,"","2024-08-08",71.32,31.18,18,40.16666667,"Trial1_ledge,Trial2_ledge,Trial3_ledge",-0.340595183454295
53655,27,"Female","(CByB6F1/J x C3D2F1/J)/J","2022-04-26",15223,"2024-08-08",-3.4,-3.06,-2.95,-3.136666667,NA,"2024-08-08",42.63,17.62,31.06,30.43666667,"","2024-08-08",18.75,66.25,77.31,54.10333333,"Trial1_ledge,Trial2_box,Trial3_ledge",-0.00192563553979959
53656,27,"Female","(CByB6F1/J x C3D2F1/J)/J","2022-04-26",15223,"2024-08-08",-3.7,-3.98,-3.48,-3.72,NA,"2024-08-08",8.41,9.85,9.83,9.363333333,"","2024-08-08",16.1,17.65,28.13,20.62666667,"Trial1_ledge,Trial2_ledge,Trial3_box",-1.00114602577928
54227,22,"Female","(CByB6F1/J x C3D2F1/J)/J","2022-05-24",15708,"2024-03-28",-2.56,-1.82,-2.15,-2.176666667,NA,"2024-03-28",14.72,37.81,42.66,31.73,NA,"2024-03-28",14.43,23.85,39.88,26.05333333,"1_Fell @14.43 2_Ledge 3_Ledge",0.216985473315436
54228,22,"Female","(CByB6F1/J x C3D2F1/J)/J","2022-05-24",15708,"2024-03-28",-2.77,-2.64,-2.47,-2.626666667,NA,"2024-03-28",20.44,26.28,31.65,26.12333333,NA,"2024-03-28",67.5,19.91,11.12,32.84333333,"1_Box 2_Ledge 3_Ledge",-0.0518542813893647
54229,22,"Female","(CByB6F1/J x C3D2F1/J)/J","2022-05-24",15708,"2024-03-28",-2.54,-1.98,-2.39,-2.303333333,NA,"2024-03-28",39.84,10.12,33.62,27.86,NA,"2024-03-28",25.59,105.47,25.72,52.26,"1_Fell @25.59 2_Ledge 3_Ledge",0.276211821706137
54230,22,"Female","(CByB6F1/J x C3D2F1/J)/J","2022-05-24",15708,"2024-03-28",-2.34,-2.5,-1.99,-2.276666667,NA,"2024-03-28",2.06,7.5,3.53,4.363333333,NA,"2024-03-28",52.37,21.81,18.37,30.85,"1_Ledge 2_Box 3_Ledge",-0.427893072280678
54232,22,"Female","(CByB6F1/J x C3D2F1/J)/J","2022-05-24",15709,"2024-03-28",-1.98,-1.61,-2.08,-1.89,NA,"2024-03-28",38.88,14.41,16.56,23.28333333,NA,"2024-03-28",180,138.53,54.38,124.3033333,"1_DNM 2_Ledge 3_Box",0.903039442197985
54233,22,"Female","(CByB6F1/J x C3D2F1/J)/J","2022-05-24",15709,"2024-03-28",-2.52,-1.95,-2.34,-2.27,NA,"2024-03-28",49.85,20.6,65.62,45.35666667,NA,"2024-03-28",24.81,60.06,180,88.29,"1_Fell @24.81 2_Fell @60.06 3_DNM",0.978861309009565
54234,22,"Female","(CByB6F1/J x C3D2F1/J)/J","2022-05-24",15709,"2024-03-28",-1.77,-1.58,-2.18,-1.843333333,NA,"2024-03-28",18.09,48.72,24.31,30.37333333,NA,"2024-03-28",13.5,49.03,20.03,27.52,"1_Fell @13.5 2_Box 3_Ledge",0.337717384382817
54235,22,"Female","(CByB6F1/J x C3D2F1/J)/J","2022-05-24",15709,"2024-03-28",-2.15,-2.7,-2.03,-2.293333333,NA,"2024-03-28",15.5,10.34,24.63,16.82333333,NA,"2024-03-28",6.96,49.38,11.09,22.47666667,"1_Fell @6.96 2_Ledge 3_Ledge",-0.208618873925531
54237,22,"Female","(CByB6F1/J x C3D2F1/J)/J","2022-05-24",15710,"2024-03-28",-1.88,-2.46,-1.91,-2.083333333,NA,"2024-03-28",7.93,17.56,34.78,20.09,NA,"2024-03-28",44.03,11.66,14.38,23.35666667,"1_Box 2_Ledge 3_Ledge",-0.0365511556357743
54238,22,"Female","(CByB6F1/J x C3D2F1/J)/J","2022-05-24",15710,"2024-03-28",-2.24,-2.35,-1.64,-2.076666667,NA,"2024-03-28",8.97,9.84,13,10.60333333,NA,"2024-03-28",106.78,180,126.31,137.6966667,"1_Ledge 2_DNM 3_Box",0.631513528790622
54240,22,"Female","(CByB6F1/J x C3D2F1/J)/J","2022-05-24",15710,"2024-03-28",-2.39,-2.21,-2.16,-2.253333333,NA,"2024-03-28",3.09,8.15,8.82,6.686666667,NA,"2024-03-28",92.43,92.81,31.71,72.31666667,"1_Ledge 2_Ledge 3_Ledge",-0.0420166486416603
54241,20,"Female","(CByB6F1/J x C3D2F1/J)/J","2022-05-24",15711,"2024-01-25",-1.99,-2.04,-2.04,-2.02,NA,"2024-01-25",2.28,20.9,14.19,12.46,NA,"2024-01-25",32.5,14.34,14.6,20.48,"1_Ledge 2_Ledge 3_Ledge",-0.210435980585061
54242,20,"Female","(CByB6F1/J x C3D2F1/J)/J","2022-05-24",15711,"2024-01-25",-2.18,-2.16,-1.92,-2.09,NA,"2024-01-25",12.68,35.47,64.47,37.54,NA,"2024-01-25",25.94,10.87,19.9,18.9,"1_Ledge 2_Ledge 3_Ledge",0.333994173357453
54243,20,"Female","(CByB6F1/J x C3D2F1/J)/J","2022-05-24",15711,"2024-01-25",-1.87,-2.04,-1.62,-1.84,NA,"2024-01-25",33.93,27.72,27.66,29.77,NA,"2024-01-25",13.87,24.66,42.37,26.97,"1_Fell @13.87 2_Ledge 3_Ledge",0.320756797629536
54244,20,"Female","(CByB6F1/J x C3D2F1/J)/J","2022-05-24",15711,"2024-01-25",-2.23,-2.17,-2.63,-2.34,NA,"2024-01-25",6.59,12.41,25.25,14.75,NA,"2024-01-25",31.69,92.5,155.16,93.12,"1_Ledge 2_Ledge 3_Ledge",0.271193964429808
54245,20,"Female","(CByB6F1/J x C3D2F1/J)/J","2022-05-24",15711,"2024-01-25",-1.95,-1.62,-2.21,-1.93,NA,"2024-01-25",10.78,27.25,10.47,16.17,NA,"2024-01-25",31.75,42.5,62.84,45.7,"1_Ledge 2_Fell @42.5 3_Box",0.110034060093529
54246,20,"Female","(CByB6F1/J x C3D2F1/J)/J","2022-05-24",15712,"2024-01-25",-1.65,-1.87,-1.88,-1.8,NA,"2024-01-25",7.22,18.87,43.57,23.22,NA,"2024-01-25",19.94,180,180,126.65,"1_Fell @19.94 2_DNM 3_DNM",0.957852469437958
54247,20,"Female","(CByB6F1/J x C3D2F1/J)/J","2022-05-24",15712,"2024-01-25",-2.27,-2.17,-3.39,-2.61,NA,"2024-01-25",4.44,5.37,2.56,4.12,NA,"2024-01-25",80.85,180,170.1,143.65,"1_Fell @80.85 2_DNM 3_Ledge",0.300421308898523
54249,20,"Female","(CByB6F1/J x C3D2F1/J)/J","2022-05-24",15712,"2024-01-25",-1.42,-1.75,-1.88,-1.68,NA,"2024-01-25",5.91,5.06,5.75,5.57,NA,"2024-01-25",44.72,38.93,180,87.88,"1_Fell @44.72 2_38.93 3_DNM",0.295254229635751
54250,20,"Female","(CByB6F1/J x C3D2F1/J)/J","2022-05-24",15712,"2024-01-25",-1.75,-1.54,-1.53,-1.61,NA,"2024-01-25",3.63,23.43,22.28,16.45,NA,"2024-01-25",39.06,30.53,34.47,34.69,"1_Ledge 2_Ledge 3_Ledge",0.166593963096461
54251,20,"Female","(CByB6F1/J x C3D2F1/J)/J","2022-05-24",15713,"2024-01-25",-2.01,-1.6,-1.63,-1.75,NA,"2024-01-25",6.69,10.56,30.22,15.82,NA,"2024-01-25",180,179,40.41,133.14,"1_DNM 2_Ledge 3_Ledge",0.856365846419721
54252,20,"Female","(CByB6F1/J x C3D2F1/J)/J","2022-05-24",15713,"2024-01-25",-1.66,-1.76,-1.68,-1.7,NA,"2024-01-25",3.75,5,8.09,5.61,NA,"2024-01-25",59.15,21.91,31.94,37.67,"1_Ledge 2_Ledge 3_Ledge",-0.101790734633449
54253,20,"Female","(CByB6F1/J x C3D2F1/J)/J","2022-05-24",15713,"2024-01-25",-2.13,-2.52,-2.19,-2.28,NA,"2024-01-25",8.93,12.43,23.13,14.83,NA,"2024-01-25",5.41,25.32,28.04,19.59,"1_Fell @5.41 2_Box 3_Ledge",-0.271969577192114
54254,20,"Female","(CByB6F1/J x C3D2F1/J)/J","2022-05-24",15713,"2024-01-25",-1.8,-2.38,-1.71,-1.96,NA,"2024-01-25",4.44,13.54,13.56,10.51,NA,"2024-01-25",22.4,10.31,6.31,13.01,"1_Ledge 2_Ledge 3_Ledge",-0.288580193763755
54255,20,"Female","(CByB6F1/J x C3D2F1/J)/J","2022-05-24",15713,"2024-01-25",-2.79,-1.85,-2.12,-2.25,NA,"2024-01-25",8.25,7.72,2.03,6,NA,"2024-01-25",6.32,25.66,16.69,16.22,"1_Fell @6.32 2_Box 3_Box",-0.491841717470706
54256,20,"Female","(CByB6F1/J x C3D2F1/J)/J","2022-05-24",15714,"2024-01-25",-1.83,-1.69,-2.09,-1.87,NA,"2024-01-25",12.66,21.19,41.56,25.14,NA,"2024-01-25",101.6,180,118.28,133.29,"1_Ledge 2_DNM 3_Fell @118.28",1.02462434390985
54257,20,"Female","(CByB6F1/J x C3D2F1/J)/J","2022-05-24",15714,"2024-01-25",-2.22,-2.35,-1.91,-2.16,NA,"2024-01-25",13.09,38.9,29.31,27.1,NA,"2024-01-25",23.85,63.46,19,35.44,"1_Ledge 2_Ledge 3_Ledge",0.188619612576465
54258,20,"Female","(CByB6F1/J x C3D2F1/J)/J","2022-05-24",15714,"2024-01-25",-2.56,-2.6,-2.29,-2.48,NA,"2024-01-25",37.59,14.47,25.75,25.94,NA,"2024-01-25",27.97,11.25,14.81,18.01,"1_Fell @27.97 2_Ledge 3_Ledge",-0.109142636017949
54259,20,"Female","(CByB6F1/J x C3D2F1/J)/J","2022-05-24",15714,"2024-01-25",-2.15,-2.09,-2.2,-2.15,NA,"2024-01-25",24,16.75,33.09,24.61,NA,"2024-01-25",26.94,102.28,83.06,70.76,"1_Ledge 2_Ledge 3_Fell @83.06",0.408644514073328
54260,20,"Female","(CByB6F1/J x C3D2F1/J)/J","2022-05-24",15714,"2024-01-25",-2.35,-2.15,-1.99,-2.16,NA,"2024-01-25",39.78,25.63,22.68,29.36,NA,"2024-01-25",32.75,42.88,43.31,39.65,"1_Ledge 2_Ledge 3_Ledge",0.27411321550175
54261,20,"Female","(CByB6F1/J x C3D2F1/J)/J","2022-05-24",15715,"2024-01-25",-2.59,-2.13,-2.09,-2.27,NA,"2024-01-25",25.81,30.84,6.22,20.96,NA,"2024-01-25",39.97,68.03,65.07,57.69,"1_Fell @39.97 2_Ledge 3_Ledge",0.171137354298736
54262,20,"Female","(CByB6F1/J x C3D2F1/J)/J","2022-05-24",15715,"2024-01-25",-2.29,-2.51,-1.81,-2.2,NA,"2024-01-25",6.75,15.54,33.75,18.68,NA,"2024-01-25",13.34,11.94,38.09,21.12,"1_Ledge 2_Ledge 3_Ledge",-0.136239502506775
54263,20,"Female","(CByB6F1/J x C3D2F1/J)/J","2022-05-24",15715,"2024-01-25",-2,-2.52,-1.75,-2.09,NA,"2024-01-25",14.62,7.22,31.47,17.77,NA,"2024-01-25",33.25,10.5,13.71,19.15,"1_Ledge 2_Ledge 3_Ledge",-0.126242952003544
54264,20,"Female","(CByB6F1/J x C3D2F1/J)/J","2022-05-24",15715,"2024-01-25",-2.57,-2.04,-1.88,-2.16,NA,"2024-01-25",6.06,46.47,14.47,22.33,NA,"2024-01-25",31.19,30.94,15.13,25.75,"1_Ledge 2_Box 3_Ledge",0.0019356649651567
54265,20,"Female","(CByB6F1/J x C3D2F1/J)/J","2022-05-24",15715,"2024-01-25",-1.77,-1.98,-1.94,-1.9,NA,"2024-01-25",15.5,23.9,13.81,17.74,NA,"2024-01-25",10.94,16.16,17.75,14.95,"1_Ledge 2_Ledge 3_Ledge",-0.0791170953446701
57455,21,"Female","(CByB6F1/J x C3D2F1/J)/J","2022-11-08",16637,"2024-07-25",-2.94,-1.91,-1.98,-2.276666667,NA,"2024-07-25",15.41,16.84,6.94,13.06333333,NA,"2024-07-25",48.56,48.47,55.56,50.86333333,"1_Box 2_Box 3_Box",-0.0692491885206141
57456,21,"Female","(CByB6F1/J x C3D2F1/J)/J","2022-11-08",16637,"2024-07-25",-1.81,-1.8,-1.95,-1.853333333,NA,"2024-07-25",12.63,28.46,17.12,19.40333333,NA,"2024-07-25",23.75,105.75,175.66,101.72,"1_Fell @23.75 2_Box 3_Ledge",0.652656210506749
57457,21,"Female","(CByB6F1/J x C3D2F1/J)/J","2022-11-08",16637,"2024-07-25",-1.57,-2.51,-1.43,-1.836666667,NA,"2024-07-25",7.34,3.25,20.66,10.41666667,NA,"2024-07-25",103.1,24.12,67.25,64.82333333,"1_Fell @103.10 2_Box 3_Box",0.163387774958692
57458,21,"Female","(CByB6F1/J x C3D2F1/J)/J","2022-11-08",16638,"2024-07-25",-2.34,-2.5,-1.81,-2.216666667,NA,"2024-07-25",4.91,5.63,7.46,6,NA,"2024-07-25",77,42.4,180,99.8,"1_Ledge 2_Ledge 3_DNM",0.170656768256857
57459,21,"Female","(CByB6F1/J x C3D2F1/J)/J","2022-11-08",16638,"2024-07-25",-1.85,-2.36,-1.88,-2.03,NA,"2024-07-25",4.81,2.88,12.44,6.71,NA,"2024-07-25",23.28,18.78,16.06,19.37333333,"1_Ledge 2_Ledge 3_Box",-0.35767490525841
57460,21,"Female","(CByB6F1/J x C3D2F1/J)/J","2022-11-08",16638,"2024-07-25",-2.25,-2,-1.63,-1.96,NA,"2024-07-25",16,29.59,76.15,40.58,NA,"2024-07-25",49.56,46.53,36.4,44.16333333,"1_Box 2_Box 3_Box",0.656065695591346
57461,21,"Female","(CByB6F1/J x C3D2F1/J)/J","2022-11-08",16638,"2024-07-25",-1.86,-2.21,-2,-2.023333333,NA,"2024-07-25",6.28,14.44,13.68,11.46666667,NA,"2024-07-25",180,180,59.41,139.8033333," 1_DNM 2_DNM 3_Box",0.690610351067898
57462,21,"Female","(CByB6F1/J x C3D2F1/J)/J","2022-11-08",16638,"2024-07-25",-2.57,-2.36,-2.87,-2.6,NA,"2024-07-25",7.66,6.82,20.25,11.57666667,NA,"2024-07-25",11.63,18.38,26.62,18.87666667,"1_Ledge 2_Ledge 3_Ledge",-0.488985607143338
57463,21,"Female","(CByB6F1/J x C3D2F1/J)/J","2022-11-08",16639,"2024-07-25",-2.31,-2.62,-2.24,-2.39,NA,"2024-07-25",10.47,30.78,28.38,23.21,NA,"2024-07-25",38.13,35.5,21.04,31.55666667,"1_Ledge 2_Ledge 3_Ledge",-0.0297834290164519
57464,21,"Female","(CByB6F1/J x C3D2F1/J)/J","2022-11-08",16639,"2024-07-25",-2.79,-2.38,-1.97,-2.38,NA,"2024-07-25",14.25,42.82,19.66,25.57666667,NA,"2024-07-25",28.78,80.53,46.75,52.02,"1_Ledge 2_Box 3_Ledge",0.18852493987386
57465,21,"Female","(CByB6F1/J x C3D2F1/J)/J","2022-11-08",16639,"2024-07-25",-2.09,-1.45,-1.82,-1.786666667,NA,"2024-07-25",8.22,10.15,12.22,10.19666667,NA,"2024-07-25",20,42.94,61.57,41.50333333,"1_Ledge 2_Ledge 3_Fell @61.57",-0.00150526145333096
57466,21,"Female","(CByB6F1/J x C3D2F1/J)/J","2022-11-08",16639,"2024-07-25",-1.84,-2.72,-2.23,-2.263333333,NA,"2024-07-25",7.32,6.84,22.59,12.25,NA,"2024-07-25",48.19,28.97,26.09,34.41666667,"1_Box 2_Box 3_Box",-0.210209131403739
57467,21,"Female","(CByB6F1/J x C3D2F1/J)/J","2022-11-08",16639,"2024-07-25",-2.46,-2.33,-2.45,-2.413333333,NA,"2024-07-25",9.75,19,55.5,28.08333333,NA,"2024-07-25",39.62,15.35,11.94,22.30333333,"1_Ledge 2_Ledge 3_Ledge",0.00248397115248496
57468,21,"Female","(CByB6F1/J x C3D2F1/J)/J","2022-11-08",16640,"2024-07-25",-2.16,-1.89,-1.78,-1.943333333,NA,"2024-07-25",4.25,5.35,4.32,4.64,NA,"2024-07-25",180,54.62,9.4,81.34,"1_DNM 2_Box 3_Ledge",0.111332417171711
57470,21,"Female","(CByB6F1/J x C3D2F1/J)/J","2022-11-08",16640,"2024-07-25",-1.81,-2.62,-2.09,-2.173333333,NA,"2024-07-25",8.88,20.75,12.9,14.17666667,NA,"2024-07-25",13.19,6.44,45.62,21.75,"1_Fell @13.19 2_Fell @6.44 3_Ledge",-0.225344006367489
57471,21,"Female","(CByB6F1/J x C3D2F1/J)/J","2022-11-08",16640,"2024-07-25",-1.98,-2.16,-1.98,-2.04,NA,"2024-07-25",3.97,4.84,5.9,4.903333333,NA,"2024-07-25",36.82,170.59,46.03,84.48,"1_Box 2_Ledge 3_Fell @46.03",0.100937640494706
57472,21,"Female","(CByB6F1/J x C3D2F1/J)/J","2022-11-08",16640,"2024-07-25",-1.88,-2.19,-2.4,-2.156666667,NA,"2024-07-25",19.53,10.94,8.69,13.05333333,NA,"2024-07-25",18.9,32.19,82.53,44.54,"1_Fell @18.90 2_Ledge 3_Box",-0.0677526538812318
57905,20,"Female","(CByB6F1/J x C3D2F1/J)/J","2022-12-13",16774,"2024-08-08",-2.65,-3.5,-4.1,-3.416666667,NA,"2024-08-08",17.41,16.41,34.6,22.80666667,"","2024-08-08",180,22.84,18.44,73.76,"Trial1_fell@10.44s,Trial2_ledge",-0.146304516800905
57906,20,"Female","(CByB6F1/J x C3D2F1/J)/J","2022-12-13",16774,"2024-08-08",-4.3,-3.8,-3.3,-3.8,NA,"2024-08-08",7.13,3.32,8.97,6.473333333,"","2024-08-08",86.28,7.37,27.91,40.52,"Trial1_box,Trial1_ledge",-0.948236984638528
57907,20,"Female","(CByB6F1/J x C3D2F1/J)/J","2022-12-13",16774,"2024-08-08",-3.8,-3.65,-3.66,-3.703333333,NA,"2024-08-08",7.84,11.03,30.28,16.38333333,"","2024-08-08",180,180,91.9,150.6333333,"Trial1_timedout,Trial2_timedout",0.17857602704092
57908,20,"Female","(CByB6F1/J x C3D2F1/J)/J","2022-12-13",16774,"2024-08-08",-3.48,-3.25,-3.7,-3.476666667,NA,"2024-08-08",16.21,27.16,13.32,18.89666667,"","2024-08-08",180,180,65.81,141.9366667,"Trial1_fell@39.03s,Trial2_timedout,Trial3_box",0.265792800921849
57909,20,"Female","(CByB6F1/J x C3D2F1/J)/J","2022-12-13",16774,"2024-08-08",-4.32,-3.68,-3.27,-3.756666667,NA,"2024-08-08",2.91,3.16,3.25,3.106666667,"","2024-08-08",49.62,38.09,8.69,32.13333333,"Trial1_ledge,Trial2_ledge,Trial3_ledge",-1.07366430323521
57910,20,"Female","(CByB6F1/J x C3D2F1/J)/J","2022-12-13",16775,"2024-08-08",-4.04,-3.77,-4.52,-4.11,NA,"2024-08-08",13.37,12.5,32.06,19.31,"","2024-08-08",180,15.13,30.9,75.34333333,"Trial1_timedout,Trial2_ledge,Trial3_box",-0.509190140034061
57911,20,"Female","(CByB6F1/J x C3D2F1/J)/J","2022-12-13",16775,"2024-08-08",-2.77,-3.47,-3.91,-3.383333333,NA,"2024-08-08",4.59,7.85,20.5,10.98,"","2024-08-08",180,180,47.93,135.9766667,"Trial1_fell@30.68s,Trial2_fell@57.09,Trial3_ledge",0.0739829576557733
57912,20,"Female","(CByB6F1/J x C3D2F1/J)/J","2022-12-13",16775,"2024-08-08",-2.79,-2.83,-3.33,-2.983333333,NA,"2024-08-08",6.16,8.47,7.57,7.4,"","2024-08-08",180,98.84,65.56,114.8,"Trial1_timedout,Trial2_ledge,Trial3_ledge",-0.00470855484121491
57913,20,"Female","(CByB6F1/J x C3D2F1/J)/J","2022-12-13",16775,"2024-08-08",-2.84,-2.96,-3.19,-2.996666667,NA,"2024-08-08",7.57,15.19,17.56,13.44,"","2024-08-08",180,180,74.81,144.9366667,"Trial1_fell@59.13s,Trial2_fell@30.69s,Trial3_box",0.364642080838289
57914,20,"Female","(CByB6F1/J x C3D2F1/J)/J","2022-12-13",16775,"2024-08-08",-3.15,-3.68,-2.9,-3.243333333,NA,"2024-08-08",13.1,35.71,10.53,19.78,"","2024-08-08",87.41,180,20.94,96.11666667,"Trial1_box,Trial2_fell@47.03s,Trial3_ledge",0.0297323650860329
57915,20,"Female","(CByB6F1/J x C3D2F1/J)/J","2022-12-13",16776,"2024-08-08",-4.06,-3.72,-4.51,-4.096666667,NA,"2024-08-08",41.84,42.25,12.84,32.31,"","2024-08-08",180,180,23.75,127.9166667,"Trial1_fell@64.22s,Trial2_fell@17.63s,Trial3_ledge",0.208212379109089
57916,20,"Female","(CByB6F1/J x C3D2F1/J)/J","2022-12-13",16776,"2024-08-08",-3.43,-3.71,-3.7,-3.613333333,NA,"2024-08-08",9.16,15.25,19.62,14.67666667,"","2024-08-08",180,36.85,180,132.2833333,"Trial1_fell@24.53s,Trial2_ledge,Trial3_fell@10.31s",0.0344124840043732
57917,20,"Female","(CByB6F1/J x C3D2F1/J)/J","2022-12-13",16776,"2024-08-08",-2.83,-2.84,-2.78,-2.816666667,NA,"2024-08-08",29.16,17.6,10.6,19.12,"","2024-08-08",180,180,180,180,"Trial1_fell@17.78s,Trial2_fell@15.22s,Trial2_fell@7.07s",0.84561690265496
57918,20,"Female","(CByB6F1/J x C3D2F1/J)/J","2022-12-13",16776,"2024-08-08",-3.8,-4.28,-3.37,-3.816666667,NA,"2024-08-08",10.72,34.68,7.63,17.67666667,"","2024-08-08",180,180,27.57,129.19,"Trial1_fell@7s,Trial2_fell@26.17s,Trial3_box",-0.00550422375110286
57919,20,"Female","(CByB6F1/J x C3D2F1/J)/J","2022-12-13",16776,"2024-08-08",-3.09,-2.85,-2.63,-2.856666667,NA,"2024-08-08",3.47,9.16,12.97,8.533333333,"","2024-08-08",180,30.84,17.25,76.03,"Trial1_fell@41.78s,Trial2_box,Trial3_ledge",-0.22537481249477
57920,20,"Female","(CByB6F1/J x C3D2F1/J)/J","2022-12-13",16777,"2024-08-08",-3.93,-3.66,-3.43,-3.673333333,NA,"2024-08-08",11.16,44.06,32.09,29.10333333,"","2024-08-08",180,77.25,53.81,103.6866667,"Trial1_timedout,Trial2_ledge,Trial3_box",0.124436451304601
57921,20,"Female","(CByB6F1/J x C3D2F1/J)/J","2022-12-13",16777,"2024-08-08",-2.86,-3.02,-3.25,-3.043333333,NA,"2024-08-08",10,10.66,6.03,8.896666667,"","2024-08-08",129.97,163.97,108.16,134.0333333,"Trial1_ledge,Trial2_ledge,Trial3_ledge",0.154094607980988
57922,20,"Female","(CByB6F1/J x C3D2F1/J)/J","2022-12-13",16777,"2024-08-08",-3.19,-3.32,-3.12,-3.21,NA,"2024-08-08",7.68,16.03,15.04,12.91666667,"","2024-08-08",180,80.25,30.37,96.87333333,"Trial1_timedout,Trial2_ledge,Trial3_ledge",-0.110739404483807
57923,20,"Female","(CByB6F1/J x C3D2F1/J)/J","2022-12-13",16777,"2024-08-08",-2.97,-3.43,-3.49,-3.296666667,NA,"2024-08-08",30.35,49.94,70.5,50.26333333,"","2024-08-08",114.62,52.41,60.34,75.79,"Trial1_ledge,Trial2_box,Trial3_Box",0.562101669138703
57924,20,"Female","(CByB6F1/J x C3D2F1/J)/J","2022-12-13",16777,"2024-08-08",-4.08,-3.56,-3.43,-3.69,NA,"2024-08-08",15.25,8.32,17.22,13.59666667,"","2024-08-08",180,18.15,12.4,70.18333333,"Trial1_fell@14.39s,Trial2_ledge,Trial3_ledge",-0.505036778918197
57925,20,"Female","(CByB6F1/J x C3D2F1/J)/J","2022-12-13",16778,"2024-08-08",-2.8,-3.62,-2.86,-3.093333333,NA,"2024-08-08",13.9,14.65,16.1,14.88333333,"","2024-08-08",180,73.16,21.87,91.67666667,"Trial1_timedout,Trial2_box,Trial3_ledge",-0.0557033206395195
57926,20,"Female","(CByB6F1/J x C3D2F1/J)/J","2022-12-13",16778,"2024-08-08",-3.36,-2.97,-3.4,-3.243333333,NA,"2024-08-08",8.75,6.75,11.62,9.04,"","2024-08-08",180,126.25,15.59,107.28,"Trial1_fell@22.75s,Trial2_Ledge,Trial3_ledge",-0.134741637152524
57927,20,"Female","(CByB6F1/J x C3D2F1/J)/J","2022-12-13",16778,"2024-08-08",-2.38,-2.61,-3.34,-2.776666667,NA,"2024-08-08",17.19,10.72,21.57,16.49333333,"","2024-08-08",148.44,85.37,34.7,89.50333333,"Trial1_ledge,Trial2_box,Trial3_box",0.0990907105097066
57928,20,"Female","(CByB6F1/J x C3D2F1/J)/J","2022-12-13",16778,"2024-08-08",-4.01,-3.81,-3.54,-3.786666667,NA,"2024-08-08",25.56,22.37,41.12,29.68333333,"","2024-08-08",180,180,180,180,"Trial1_fell@11.37s,Trial2_fell@10.81s,Trial3_timedout",0.682050481928859
57929,20,"Female","(CByB6F1/J x C3D2F1/J)/J","2022-12-13",16778,"2024-08-08",-3.02,-2.89,-3.29,-3.066666667,NA,"2024-08-08",8.46,5.16,42.16,18.59333333,"","2024-08-08",180,180,33.82,131.2733333,"Trial1_fell@11.38s,Trial2_fell@25.65s,Trial3_ledge",0.349493870329522
58512,19,"Female","(CByB6F1/J x C3D2F1/J)/J","2023-02-07",16942,"2024-08-30",-2.98,-3.07,-2.98,-3.01,NA,"2024-08-30",8,13.06,13,11.35333333,"","2024-08-30",103.4,180,42.64,108.68,"Trial1_box,Trial2_timedout,Trial3_ledge",0.0289482624906236
58513,19,"Female","(CByB6F1/J x C3D2F1/J)/J","2023-02-07",16942,"2024-08-30",-3.66,-3.47,-3,-3.376666667,NA,"2024-08-30",10.03,9.12,24.31,14.48666667,"","2024-08-30",81.22,58.59,10.25,50.02,"Trial1_ledge,Trial2_box,Trial3_ledge",-0.508047026819218
58514,19,"Female","(CByB6F1/J x C3D2F1/J)/J","2023-02-07",16942,"2024-08-30",-3.64,-3.58,-3.51,-3.576666667,NA,"2024-08-30",8.31,6.81,12.34,9.153333333,"","2024-08-30",91.75,8.6,6.28,35.54333333,"Trial1_ledge,Trial2_ledge,Trial3_ledge",-0.829675853135714
58515,19,"Female","(CByB6F1/J x C3D2F1/J)/J","2023-02-07",16942,"2024-08-30",-3.63,-3.5,-3.34,-3.49,NA,"2024-08-30",35.78,26.09,35.16,32.34333333,"","2024-08-30",115.95,82.56,31.1,76.53666667,"Trial1_ledge,Trial2_ledge,Trial3_ledge",0.0671458726493212
58516,19,"Female","(CByB6F1/J x C3D2F1/J)/J","2023-02-07",16942,"2024-08-30",-3.54,-3.23,-2.99,-3.253333333,NA,"2024-08-30",5.71,28.1,7.16,13.65666667,"","2024-08-30",180,180,180,180,"Trial1_timedout,Trial2_timedout,Trial3_timedout",0.533095708761035
58517,19,"Female","(CByB6F1/J x C3D2F1/J)/J","2023-02-07",16943,"2024-08-30",-3.59,-3.15,-3.77,-3.503333333,NA,"2024-08-30",6.72,5.25,12.97,8.313333333,"","2024-08-30",180,101.38,50.71,110.6966667,"Trial1_fell@61.66s,Trial2_ledge,Trial3_ledge",-0.235258108110742
58518,19,"Female","(CByB6F1/J x C3D2F1/J)/J","2023-02-07",16943,"2024-08-30",-3.6,-3.97,-3.76,-3.776666667,NA,"2024-08-30",9.16,9.78,6.13,8.356666667,"","2024-08-30",23.59,18.81,24.94,22.44666667,"Trial1_ledge,Trial2_ledge,Trial3_ledge",-1.03454230282978
58519,19,"Female","(CByB6F1/J x C3D2F1/J)/J","2023-02-07",16943,"2024-08-30",-4.21,-3.92,-4.04,-4.056666667,NA,"2024-08-30",5.41,3.5,3.75,4.22,"","2024-08-30",19.66,29.62,6.69,18.65666667,"Trial1_ledge,Trial2_ledge,Trial3_ledge",-1.27914822229715
58520,19,"Female","(CByB6F1/J x C3D2F1/J)/J","2023-02-07",16943,"2024-08-30",-3.17,-2.97,-2.75,-2.963333333,NA,"2024-08-30",27.71,29.28,40.25,32.41333333,"","2024-08-30",180,180,180,180,"Trial1_fell@37.97s,Trial1_fell@142.33s,Trial3_timedout",1.09431345169904
58521,19,"Female","(CByB6F1/J x C3D2F1/J)/J","2023-02-07",16943,"2024-08-30",-4.67,-4.34,-4.43,-4.48,NA,"2024-08-30",21.81,61.56,32.57,38.64666667,"","2024-08-30",180,180,38.91,132.97,"Trial1_fell@12.40s,Trial2_fell@17.53s,Trial3_ledge",0.233321264632118
58522,19,"Female","(CByB6F1/J x C3D2F1/J)/J","2023-02-07",16944,"2024-08-30",-2.79,-3.42,-3.3,-3.17,NA,"2024-08-30",15.63,5.54,23.83,15,"","2024-08-30",180,180,180,180,"Trial1_timedout,Trial2_timedout,Trial3_timedout",0.59976711502806
58525,19,"Female","(CByB6F1/J x C3D2F1/J)/J","2023-02-07",16944,"2024-08-30",-2.97,-3.24,-3.56,-3.256666667,NA,"2024-08-30",3.22,21.78,10.67,11.89,"","2024-08-30",143.97,172.43,51.07,122.49,"Trial1_box,Trial2_ledge,Trial3_ledge",0.0442370967094619
58526,19,"Female","(CByB6F1/J x C3D2F1/J)/J","2023-02-07",16944,"2024-08-30",-3.81,-3.76,-3.81,-3.793333333,NA,"2024-08-30",12.06,4.69,51.07,22.60666667,"71.4 F, 21.3%","2024-08-30",180,180,180,180,"Trial1_timedout,Trial2_timedout,Trial3_timedout",0.513793103865967
59018,18,"Female","(CByB6F1/J x C3D2F1/J)/J","2023-03-14",17126,"2024-09-23",-3.25,-2.85,-3.52,-3.206666667,NA,"2024-09-23",5.78,3,7.84,5.54,"","2024-09-23",87.4,180,42.81,103.4033333,"Trial1_ledge,Trial2_timedout,Trial3_box",-0.231119984403113
59019,18,"Female","(CByB6F1/J x C3D2F1/J)/J","2023-03-14",17126,"2024-09-23",-3.01,-3.85,-3.07,-3.31,NA,"2024-09-23",17.78,19.69,17.41,18.29333333,"","2024-09-23",180,180,17.79,125.93,"Trial1_fell@34.44s,Trial2_fell@22.38s,Trial3_ledge",0.198047590704918
59020,18,"Female","(CByB6F1/J x C3D2F1/J)/J","2023-03-14",17126,"2024-09-23",-3.94,-3.74,-3.85,-3.843333333,NA,"2024-09-23",13.47,28.69,12.59,18.25,"","2024-09-23",180,145.53,29.81,118.4466667,"Trial1_fell@11.37s,Trial2_ledge,Trial3_ledge",-0.0867305310180253
59021,18,"Female","(CByB6F1/J x C3D2F1/J)/J","2023-03-14",17126,"2024-09-23",-3.71,-3.16,-3.45,-3.44,NA,"2024-09-23",13.97,9.79,5.66,9.806666667,"","2024-09-23",180,46.09,33.75,86.61333333,"Trial1_fell@39.46s,Trial2_ledge,Trial3_ledge",-0.360376355426812
59022,18,"Female","(CByB6F1/J x C3D2F1/J)/J","2023-03-14",17126,"2024-09-23",-3.72,-3.28,-3.47,-3.49,NA,"2024-09-23",14.03,16.38,21.41,17.27333333,"","2024-09-23",77.91,14.5,33.07,41.82666667,"Trial1_ledge,Trial2_ledge,Trial3_box",-0.554426627972044
59023,18,"Female","(CByB6F1/J x C3D2F1/J)/J","2023-03-14",17127,"2024-09-23",-2.8,-3.41,-3.54,-3.25,NA,"2024-09-23",17.41,30.53,2.4,16.78,"73 F, 19.9%","2024-09-23",36.12,17.4,9.91,21.14333333,"Trial1_box,Trial2_ledge,Trial3_ledge",-0.624845323291849
59024,18,"Female","(CByB6F1/J x C3D2F1/J)/J","2023-03-14",17127,"2024-09-23",-2.42,-2.35,-2.74,-2.503333333,NA,"2024-09-23",61.47,35.97,38.75,45.39666667,"","2024-09-23",180,40.66,42.19,87.61666667,"Trial1_timedout,Trial2_ledge,Trial3_ledge",0.875824149884585
59025,18,"Female","(CByB6F1/J x C3D2F1/J)/J","2023-03-14",17127,"2024-09-23",-3.28,-3.72,-2.92,-3.306666667,NA,"2024-09-23",6.25,23.68,25.09,18.34,"","2024-09-23",92.74,35.16,34.54,54.14666667,"Trial1_ledge,Trial2_ledge,Trial3_ledge",-0.356326861861353
59026,18,"Female","(CByB6F1/J x C3D2F1/J)/J","2023-03-14",17127,"2024-09-23",-3.86,-3.21,-4.17,-3.746666667,NA,"2024-09-23",8.94,19.34,17.84,15.37333333,"","2024-09-23",48.68,67.82,18.19,44.89666667,"Trial1_ledge,Trial2_box,Trial3_ledge",-0.683651552385134
59027,18,"Female","(CByB6F1/J x C3D2F1/J)/J","2023-03-14",17127,"2024-09-23",-3.71,-4,-4.22,-3.976666667,NA,"2024-09-23",3.69,10.75,11.44,8.626666667,"","2024-09-23",45.19,53.25,71.94,56.79333333,"Trial1_box,Trial2_ledge,Trial3_ledge",-0.846419743261141
59028,18,"Female","(CByB6F1/J x C3D2F1/J)/J","2023-03-14",17128,"2024-09-23",-2.51,-3.29,-2.74,-2.846666667,NA,"2024-09-23",9.31,12.22,20.43,13.98666667,"","2024-09-23",116.62,14.66,101.03,77.43666667,"Trial1_ledge,Trial2_ledge,Trial3,_ledge",-0.0827439428969862
59029,18,"Female","(CByB6F1/J x C3D2F1/J)/J","2023-03-14",17128,"2024-09-23",-3.04,-2.68,-2.94,-2.886666667,NA,"2024-09-23",22.02,21.97,26.66,23.55,"","2024-09-23",42.09,180,24.94,82.34333333,"Trial1_ledge,Trial2_fell@50.07s,Trial3_ledge",0.161960788006736
59030,18,"Female","(CByB6F1/J x C3D2F1/J)/J","2023-03-14",17128,"2024-09-23",-3.7,-4.4,-3.7,-3.933333333,NA,"2024-09-23",16.31,27.81,51.15,31.75666667,"","2024-09-23",180,72.93,41.66,98.19666667,"Trial1_fell@16.53s,Trial2_ledge,Trial3_ledge",0.0338409452526801
59031,18,"Female","(CByB6F1/J x C3D2F1/J)/J","2023-03-14",17128,"2024-09-23",-3.28,-4.1,-3.41,-3.596666667,NA,"2024-09-23",30.66,49.5,36.69,38.95,"","2024-09-23",100.81,180,51.97,110.9266667,"Trial1_ledge,Trial2_fell@32.41s,Trial3_ledge",0.443240600398545
59032,18,"Female","(CByB6F1/J x C3D2F1/J)/J","2023-03-14",17128,"2024-09-23",-3.26,-3.58,-3.54,-3.46,NA,"2024-09-23",16.62,52.18,27.16,31.98666667,"","2024-09-23",180,35.81,65.57,93.79333333,"Trial1_timedout,Trial2_ledge,Trial3_box",0.205376755246137
61603,4,"Female","(CByB6F1/J x C3D2F1/J)/J","2024-06-04",17920,"2024-09-27",-3.2,-4.18,-4.29,-3.89,NA,"2024-09-27",18.55,5.16,35.34,19.68333333,NA,"2024-09-27",113.21,5.47,10.49,43.05666667,"Trial1_ledge,Trial2_ledge,Trial3_ledge",-0.657827953249997
61603,4,"Female","(CByB6F1/J x C3D2F1/J)/J","2024-06-04",17920,"2024-09-27",-3.2,-4.18,-4.29,-3.89,NA,"2024-09-27",18.55,5.16,35.34,19.68333333,NA,"2024-09-27",113.21,5.47,10.49,43.05666667,"Trial1_ledge,Trial2_ledge,Trial3_ledge",-0.657827953249997
61603,4,"Female","(CByB6F1/J x C3D2F1/J)/J","2024-06-04",17920,"2024-09-27",-3.2,-4.18,-4.29,-3.89,NA,"2024-09-27",18.55,5.16,35.34,19.68333333,NA,"2024-09-27",113.21,5.47,10.49,43.05666667,"Trial1_ledge,Trial2_ledge,Trial3_ledge",-0.657827953249997
61603,4,"Female","(CByB6F1/J x C3D2F1/J)/J","2024-06-04",17920,"2024-09-27",-3.2,-4.18,-4.29,-3.89,NA,"2024-09-27",18.55,5.16,35.34,19.68333333,NA,"2024-09-27",113.21,5.47,10.49,43.05666667,"Trial1_ledge,Trial2_ledge,Trial3_ledge",-0.657827953249997
61603,4,"Female","(CByB6F1/J x C3D2F1/J)/J","2024-06-04",17920,"2024-09-27",-3.2,-4.18,-4.29,-3.89,NA,"2024-09-27",18.55,5.16,35.34,19.68333333,NA,"2024-09-27",113.21,5.47,10.49,43.05666667,"Trial1_ledge,Trial2_ledge,Trial3_ledge",-0.657827953249997
61603,4,"Female","(CByB6F1/J x C3D2F1/J)/J","2024-06-04",17920,"2024-09-27",-3.2,-4.18,-4.29,-3.89,NA,"2024-09-27",18.55,5.16,35.34,19.68333333,NA,"2024-09-27",113.21,5.47,10.49,43.05666667,"Trial1_ledge,Trial2_ledge,Trial3_ledge",-0.657827953249997
61603,4,"Female","(CByB6F1/J x C3D2F1/J)/J","2024-06-04",17920,"2024-09-27",-3.2,-4.18,-4.29,-3.89,NA,"2024-09-27",18.55,5.16,35.34,19.68333333,NA,"2024-09-27",113.21,5.47,10.49,43.05666667,"Trial1_ledge,Trial2_ledge,Trial3_ledge",-0.657827953249997
61603,4,"Female","(CByB6F1/J x C3D2F1/J)/J","2024-06-04",17920,"2024-09-27",-3.2,-4.18,-4.29,-3.89,NA,"2024-09-27",18.55,5.16,35.34,19.68333333,NA,"2024-09-27",113.21,5.47,10.49,43.05666667,"Trial1_ledge,Trial2_ledge,Trial3_ledge",-0.657827953249997
61604,4,"Female","(CByB6F1/J x C3D2F1/J)/J","2024-06-04",17920,"2024-09-27",-3.21,-2.86,-2.66,-2.91,NA,"2024-09-27",7.44,21.58,180,69.67333333,NA,"2024-09-27",24.59,50.59,8.65,27.94333333,"Trial1_ledge,Trial2_ledge,Trial3_ledge",0.808321229894684
61605,4,"Female","(CByB6F1/J x C3D2F1/J)/J","2024-06-04",17920,"2024-09-27",-3.06,-3.95,-4.1,-3.703333333,NA,"2024-09-27",8.56,17.25,12.31,12.70666667,NA,"2024-09-27",18.96,29.44,8.66,19.02,"Trial1_ledge,Trial2_box,Trial3_ledge",-0.928397292848248
61605,4,"Female","(CByB6F1/J x C3D2F1/J)/J","2024-06-04",17920,"2024-09-27",-3.06,-3.95,-4.1,-3.703333333,NA,"2024-09-27",8.56,17.25,12.31,12.70666667,NA,"2024-09-27",18.96,29.44,8.66,19.02,"Trial1_ledge,Trial2_box,Trial3_ledge",-0.928397292848248
61605,4,"Female","(CByB6F1/J x C3D2F1/J)/J","2024-06-04",17920,"2024-09-27",-3.06,-3.95,-4.1,-3.703333333,NA,"2024-09-27",8.56,17.25,12.31,12.70666667,NA,"2024-09-27",18.96,29.44,8.66,19.02,"Trial1_ledge,Trial2_box,Trial3_ledge",-0.928397292848248
61605,4,"Female","(CByB6F1/J x C3D2F1/J)/J","2024-06-04",17920,"2024-09-27",-3.06,-3.95,-4.1,-3.703333333,NA,"2024-09-27",8.56,17.25,12.31,12.70666667,NA,"2024-09-27",18.96,29.44,8.66,19.02,"Trial1_ledge,Trial2_box,Trial3_ledge",-0.928397292848248
61605,4,"Female","(CByB6F1/J x C3D2F1/J)/J","2024-06-04",17920,"2024-09-27",-3.06,-3.95,-4.1,-3.703333333,NA,"2024-09-27",8.56,17.25,12.31,12.70666667,NA,"2024-09-27",18.96,29.44,8.66,19.02,"Trial1_ledge,Trial2_box,Trial3_ledge",-0.928397292848248
61605,4,"Female","(CByB6F1/J x C3D2F1/J)/J","2024-06-04",17920,"2024-09-27",-3.06,-3.95,-4.1,-3.703333333,NA,"2024-09-27",8.56,17.25,12.31,12.70666667,NA,"2024-09-27",18.96,29.44,8.66,19.02,"Trial1_ledge,Trial2_box,Trial3_ledge",-0.928397292848248
61605,4,"Female","(CByB6F1/J x C3D2F1/J)/J","2024-06-04",17920,"2024-09-27",-3.06,-3.95,-4.1,-3.703333333,NA,"2024-09-27",8.56,17.25,12.31,12.70666667,NA,"2024-09-27",18.96,29.44,8.66,19.02,"Trial1_ledge,Trial2_box,Trial3_ledge",-0.928397292848248
61605,4,"Female","(CByB6F1/J x C3D2F1/J)/J","2024-06-04",17920,"2024-09-27",-3.06,-3.95,-4.1,-3.703333333,NA,"2024-09-27",8.56,17.25,12.31,12.70666667,NA,"2024-09-27",18.96,29.44,8.66,19.02,"Trial1_ledge,Trial2_box,Trial3_ledge",-0.928397292848248
61606,4,"Female","(CByB6F1/J x C3D2F1/J)/J","2024-06-04",17920,"2024-09-27",-3.82,-3.45,-4.39,-3.886666667,NA,"2024-09-27",13.91,40.66,55.88,36.81666667,NA,"2024-09-27",97.74,180,81.78,119.84,"Trial1_box,Trial2_timedout,Trial3_ledge",0.339784959280455
61606,4,"Female","(CByB6F1/J x C3D2F1/J)/J","2024-06-04",17920,"2024-09-27",-3.82,-3.45,-4.39,-3.886666667,NA,"2024-09-27",13.91,40.66,55.88,36.81666667,NA,"2024-09-27",97.74,180,81.78,119.84,"Trial1_box,Trial2_timedout,Trial3_ledge",0.339784959280455
61606,4,"Female","(CByB6F1/J x C3D2F1/J)/J","2024-06-04",17920,"2024-09-27",-3.82,-3.45,-4.39,-3.886666667,NA,"2024-09-27",13.91,40.66,55.88,36.81666667,NA,"2024-09-27",97.74,180,81.78,119.84,"Trial1_box,Trial2_timedout,Trial3_ledge",0.339784959280455
61606,4,"Female","(CByB6F1/J x C3D2F1/J)/J","2024-06-04",17920,"2024-09-27",-3.82,-3.45,-4.39,-3.886666667,NA,"2024-09-27",13.91,40.66,55.88,36.81666667,NA,"2024-09-27",97.74,180,81.78,119.84,"Trial1_box,Trial2_timedout,Trial3_ledge",0.339784959280455
61606,4,"Female","(CByB6F1/J x C3D2F1/J)/J","2024-06-04",17920,"2024-09-27",-3.82,-3.45,-4.39,-3.886666667,NA,"2024-09-27",13.91,40.66,55.88,36.81666667,NA,"2024-09-27",97.74,180,81.78,119.84,"Trial1_box,Trial2_timedout,Trial3_ledge",0.339784959280455
61606,4,"Female","(CByB6F1/J x C3D2F1/J)/J","2024-06-04",17920,"2024-09-27",-3.82,-3.45,-4.39,-3.886666667,NA,"2024-09-27",13.91,40.66,55.88,36.81666667,NA,"2024-09-27",97.74,180,81.78,119.84,"Trial1_box,Trial2_timedout,Trial3_ledge",0.339784959280455
61606,4,"Female","(CByB6F1/J x C3D2F1/J)/J","2024-06-04",17920,"2024-09-27",-3.82,-3.45,-4.39,-3.886666667,NA,"2024-09-27",13.91,40.66,55.88,36.81666667,NA,"2024-09-27",97.74,180,81.78,119.84,"Trial1_box,Trial2_timedout,Trial3_ledge",0.339784959280455
61606,4,"Female","(CByB6F1/J x C3D2F1/J)/J","2024-06-04",17920,"2024-09-27",-3.82,-3.45,-4.39,-3.886666667,NA,"2024-09-27",13.91,40.66,55.88,36.81666667,NA,"2024-09-27",97.74,180,81.78,119.84,"Trial1_box,Trial2_timedout,Trial3_ledge",0.339784959280455
61607,5,"Female","(CByB6F1/J x C3D2F1/J)/J","2024-06-04",17921,"2024-10-31",-4.43,-3.47,-3.87,-3.923333333,NA,"2024-10-31",101.37,38.9,20.31,53.52666667,NA,"2024-10-31",30.5,43.38,47.09,40.32333333,"Trial1_box,Trial2_box,Trial3_box",0.0980389278783349
61607,5,"Female","(CByB6F1/J x C3D2F1/J)/J","2024-06-04",17921,"2024-10-31",-4.43,-3.47,-3.87,-3.923333333,NA,"2024-10-31",101.37,38.9,20.31,53.52666667,NA,"2024-10-31",30.5,43.38,47.09,40.32333333,"Trial1_box,Trial2_box,Trial3_box",0.0980389278783349
61607,5,"Female","(CByB6F1/J x C3D2F1/J)/J","2024-06-04",17921,"2024-10-31",-4.43,-3.47,-3.87,-3.923333333,NA,"2024-10-31",101.37,38.9,20.31,53.52666667,NA,"2024-10-31",30.5,43.38,47.09,40.32333333,"Trial1_box,Trial2_box,Trial3_box",0.0980389278783349
61607,5,"Female","(CByB6F1/J x C3D2F1/J)/J","2024-06-04",17921,"2024-10-31",-4.43,-3.47,-3.87,-3.923333333,NA,"2024-10-31",101.37,38.9,20.31,53.52666667,NA,"2024-10-31",30.5,43.38,47.09,40.32333333,"Trial1_box,Trial2_box,Trial3_box",0.0980389278783349
61607,5,"Female","(CByB6F1/J x C3D2F1/J)/J","2024-06-04",17921,"2024-10-31",-4.43,-3.47,-3.87,-3.923333333,NA,"2024-10-31",101.37,38.9,20.31,53.52666667,NA,"2024-10-31",30.5,43.38,47.09,40.32333333,"Trial1_box,Trial2_box,Trial3_box",0.0980389278783349
61607,5,"Female","(CByB6F1/J x C3D2F1/J)/J","2024-06-04",17921,"2024-10-31",-4.43,-3.47,-3.87,-3.923333333,NA,"2024-10-31",101.37,38.9,20.31,53.52666667,NA,"2024-10-31",30.5,43.38,47.09,40.32333333,"Trial1_box,Trial2_box,Trial3_box",0.0980389278783349
61607,5,"Female","(CByB6F1/J x C3D2F1/J)/J","2024-06-04",17921,"2024-10-31",-4.43,-3.47,-3.87,-3.923333333,NA,"2024-10-31",101.37,38.9,20.31,53.52666667,NA,"2024-10-31",30.5,43.38,47.09,40.32333333,"Trial1_box,Trial2_box,Trial3_box",0.0980389278783349
61607,5,"Female","(CByB6F1/J x C3D2F1/J)/J","2024-06-04",17921,"2024-10-31",-4.43,-3.47,-3.87,-3.923333333,NA,"2024-10-31",101.37,38.9,20.31,53.52666667,NA,"2024-10-31",30.5,43.38,47.09,40.32333333,"Trial1_box,Trial2_box,Trial3_box",0.0980389278783349
61608,5,"Female","(CByB6F1/J x C3D2F1/J)/J","2024-06-04",17921,"2024-10-31",-3.75,-3.7,-3.59,-3.68,NA,"2024-10-31",12.79,5.16,26.4,14.78333333,NA,"2024-10-31",37.13,50.56,133.62,73.77,"Trial1_box,Trial2_ledge,Trial3_box",-0.445238776740892
61608,5,"Female","(CByB6F1/J x C3D2F1/J)/J","2024-06-04",17921,"2024-10-31",-3.75,-3.7,-3.59,-3.68,NA,"2024-10-31",12.79,5.16,26.4,14.78333333,NA,"2024-10-31",37.13,50.56,133.62,73.77,"Trial1_box,Trial2_ledge,Trial3_box",-0.445238776740892
61608,5,"Female","(CByB6F1/J x C3D2F1/J)/J","2024-06-04",17921,"2024-10-31",-3.75,-3.7,-3.59,-3.68,NA,"2024-10-31",12.79,5.16,26.4,14.78333333,NA,"2024-10-31",37.13,50.56,133.62,73.77,"Trial1_box,Trial2_ledge,Trial3_box",-0.445238776740892
61608,5,"Female","(CByB6F1/J x C3D2F1/J)/J","2024-06-04",17921,"2024-10-31",-3.75,-3.7,-3.59,-3.68,NA,"2024-10-31",12.79,5.16,26.4,14.78333333,NA,"2024-10-31",37.13,50.56,133.62,73.77,"Trial1_box,Trial2_ledge,Trial3_box",-0.445238776740892
61608,5,"Female","(CByB6F1/J x C3D2F1/J)/J","2024-06-04",17921,"2024-10-31",-3.75,-3.7,-3.59,-3.68,NA,"2024-10-31",12.79,5.16,26.4,14.78333333,NA,"2024-10-31",37.13,50.56,133.62,73.77,"Trial1_box,Trial2_ledge,Trial3_box",-0.445238776740892
61608,5,"Female","(CByB6F1/J x C3D2F1/J)/J","2024-06-04",17921,"2024-10-31",-3.75,-3.7,-3.59,-3.68,NA,"2024-10-31",12.79,5.16,26.4,14.78333333,NA,"2024-10-31",37.13,50.56,133.62,73.77,"Trial1_box,Trial2_ledge,Trial3_box",-0.445238776740892
61608,5,"Female","(CByB6F1/J x C3D2F1/J)/J","2024-06-04",17921,"2024-10-31",-3.75,-3.7,-3.59,-3.68,NA,"2024-10-31",12.79,5.16,26.4,14.78333333,NA,"2024-10-31",37.13,50.56,133.62,73.77,"Trial1_box,Trial2_ledge,Trial3_box",-0.445238776740892
61608,5,"Female","(CByB6F1/J x C3D2F1/J)/J","2024-06-04",17921,"2024-10-31",-3.75,-3.7,-3.59,-3.68,NA,"2024-10-31",12.79,5.16,26.4,14.78333333,NA,"2024-10-31",37.13,50.56,133.62,73.77,"Trial1_box,Trial2_ledge,Trial3_box",-0.445238776740892
61609,5,"Female","(CByB6F1/J x C3D2F1/J)/J","2024-06-04",17921,"2024-10-31",-3.49,-3.52,-3.18,-3.396666667,NA,"2024-10-31",18.83,150.72,41.19,70.24666667,NA,"2024-10-31",73.72,172.23,48.78,98.24333333,"Trial1_box,Trial2_ledge,Trial3_box",1.16113160214548
61609,5,"Female","(CByB6F1/J x C3D2F1/J)/J","2024-06-04",17921,"2024-10-31",-3.49,-3.52,-3.18,-3.396666667,NA,"2024-10-31",18.83,150.72,41.19,70.24666667,NA,"2024-10-31",73.72,172.23,48.78,98.24333333,"Trial1_box,Trial2_ledge,Trial3_box",1.16113160214548
61609,5,"Female","(CByB6F1/J x C3D2F1/J)/J","2024-06-04",17921,"2024-10-31",-3.49,-3.52,-3.18,-3.396666667,NA,"2024-10-31",18.83,150.72,41.19,70.24666667,NA,"2024-10-31",73.72,172.23,48.78,98.24333333,"Trial1_box,Trial2_ledge,Trial3_box",1.16113160214548
61609,5,"Female","(CByB6F1/J x C3D2F1/J)/J","2024-06-04",17921,"2024-10-31",-3.49,-3.52,-3.18,-3.396666667,NA,"2024-10-31",18.83,150.72,41.19,70.24666667,NA,"2024-10-31",73.72,172.23,48.78,98.24333333,"Trial1_box,Trial2_ledge,Trial3_box",1.16113160214548
61609,5,"Female","(CByB6F1/J x C3D2F1/J)/J","2024-06-04",17921,"2024-10-31",-3.49,-3.52,-3.18,-3.396666667,NA,"2024-10-31",18.83,150.72,41.19,70.24666667,NA,"2024-10-31",73.72,172.23,48.78,98.24333333,"Trial1_box,Trial2_ledge,Trial3_box",1.16113160214548
61609,5,"Female","(CByB6F1/J x C3D2F1/J)/J","2024-06-04",17921,"2024-10-31",-3.49,-3.52,-3.18,-3.396666667,NA,"2024-10-31",18.83,150.72,41.19,70.24666667,NA,"2024-10-31",73.72,172.23,48.78,98.24333333,"Trial1_box,Trial2_ledge,Trial3_box",1.16113160214548
61609,5,"Female","(CByB6F1/J x C3D2F1/J)/J","2024-06-04",17921,"2024-10-31",-3.49,-3.52,-3.18,-3.396666667,NA,"2024-10-31",18.83,150.72,41.19,70.24666667,NA,"2024-10-31",73.72,172.23,48.78,98.24333333,"Trial1_box,Trial2_ledge,Trial3_box",1.16113160214548
61609,5,"Female","(CByB6F1/J x C3D2F1/J)/J","2024-06-04",17921,"2024-10-31",-3.49,-3.52,-3.18,-3.396666667,NA,"2024-10-31",18.83,150.72,41.19,70.24666667,NA,"2024-10-31",73.72,172.23,48.78,98.24333333,"Trial1_box,Trial2_ledge,Trial3_box",1.16113160214548
61610,5,"Female","(CByB6F1/J x C3D2F1/J)/J","2024-06-04",17921,"2024-10-31",-4,-3.59,-3.72,-3.77,NA,"2024-10-31",10.37,10.5,18.78,13.21666667,NA,"2024-10-31",180,8.87,55.22,81.36333333,"Trial1_timedout,Trial2_ledge,Trial3_ledge",-0.461045517598293
61610,5,"Female","(CByB6F1/J x C3D2F1/J)/J","2024-06-04",17921,"2024-10-31",-4,-3.59,-3.72,-3.77,NA,"2024-10-31",10.37,10.5,18.78,13.21666667,NA,"2024-10-31",180,8.87,55.22,81.36333333,"Trial1_timedout,Trial2_ledge,Trial3_ledge",-0.461045517598293
61610,5,"Female","(CByB6F1/J x C3D2F1/J)/J","2024-06-04",17921,"2024-10-31",-4,-3.59,-3.72,-3.77,NA,"2024-10-31",10.37,10.5,18.78,13.21666667,NA,"2024-10-31",180,8.87,55.22,81.36333333,"Trial1_timedout,Trial2_ledge,Trial3_ledge",-0.461045517598293
61610,5,"Female","(CByB6F1/J x C3D2F1/J)/J","2024-06-04",17921,"2024-10-31",-4,-3.59,-3.72,-3.77,NA,"2024-10-31",10.37,10.5,18.78,13.21666667,NA,"2024-10-31",180,8.87,55.22,81.36333333,"Trial1_timedout,Trial2_ledge,Trial3_ledge",-0.461045517598293
61610,5,"Female","(CByB6F1/J x C3D2F1/J)/J","2024-06-04",17921,"2024-10-31",-4,-3.59,-3.72,-3.77,NA,"2024-10-31",10.37,10.5,18.78,13.21666667,NA,"2024-10-31",180,8.87,55.22,81.36333333,"Trial1_timedout,Trial2_ledge,Trial3_ledge",-0.461045517598293
61610,5,"Female","(CByB6F1/J x C3D2F1/J)/J","2024-06-04",17921,"2024-10-31",-4,-3.59,-3.72,-3.77,NA,"2024-10-31",10.37,10.5,18.78,13.21666667,NA,"2024-10-31",180,8.87,55.22,81.36333333,"Trial1_timedout,Trial2_ledge,Trial3_ledge",-0.461045517598293
61610,5,"Female","(CByB6F1/J x C3D2F1/J)/J","2024-06-04",17921,"2024-10-31",-4,-3.59,-3.72,-3.77,NA,"2024-10-31",10.37,10.5,18.78,13.21666667,NA,"2024-10-31",180,8.87,55.22,81.36333333,"Trial1_timedout,Trial2_ledge,Trial3_ledge",-0.461045517598293
61610,5,"Female","(CByB6F1/J x C3D2F1/J)/J","2024-06-04",17921,"2024-10-31",-4,-3.59,-3.72,-3.77,NA,"2024-10-31",10.37,10.5,18.78,13.21666667,NA,"2024-10-31",180,8.87,55.22,81.36333333,"Trial1_timedout,Trial2_ledge,Trial3_ledge",-0.461045517598293
61611,5,"Female","(CByB6F1/J x C3D2F1/J)/J","2024-06-04",17921,"2024-10-31",-4.18,-3.95,-3.6,-3.91,NA,"2024-10-31",13.97,10.31,18.76,14.34666667,NA,"2024-10-31",13.5,18.22,22.38,18.03333333,"Trial1_ledge,Trial2_box,Trial3_box",-0.985175367023044
61611,5,"Female","(CByB6F1/J x C3D2F1/J)/J","2024-06-04",17921,"2024-10-31",-4.18,-3.95,-3.6,-3.91,NA,"2024-10-31",13.97,10.31,18.76,14.34666667,NA,"2024-10-31",13.5,18.22,22.38,18.03333333,"Trial1_ledge,Trial2_box,Trial3_box",-0.985175367023044
61611,5,"Female","(CByB6F1/J x C3D2F1/J)/J","2024-06-04",17921,"2024-10-31",-4.18,-3.95,-3.6,-3.91,NA,"2024-10-31",13.97,10.31,18.76,14.34666667,NA,"2024-10-31",13.5,18.22,22.38,18.03333333,"Trial1_ledge,Trial2_box,Trial3_box",-0.985175367023044
61611,5,"Female","(CByB6F1/J x C3D2F1/J)/J","2024-06-04",17921,"2024-10-31",-4.18,-3.95,-3.6,-3.91,NA,"2024-10-31",13.97,10.31,18.76,14.34666667,NA,"2024-10-31",13.5,18.22,22.38,18.03333333,"Trial1_ledge,Trial2_box,Trial3_box",-0.985175367023044
61611,5,"Female","(CByB6F1/J x C3D2F1/J)/J","2024-06-04",17921,"2024-10-31",-4.18,-3.95,-3.6,-3.91,NA,"2024-10-31",13.97,10.31,18.76,14.34666667,NA,"2024-10-31",13.5,18.22,22.38,18.03333333,"Trial1_ledge,Trial2_box,Trial3_box",-0.985175367023044
61611,5,"Female","(CByB6F1/J x C3D2F1/J)/J","2024-06-04",17921,"2024-10-31",-4.18,-3.95,-3.6,-3.91,NA,"2024-10-31",13.97,10.31,18.76,14.34666667,NA,"2024-10-31",13.5,18.22,22.38,18.03333333,"Trial1_ledge,Trial2_box,Trial3_box",-0.985175367023044
61611,5,"Female","(CByB6F1/J x C3D2F1/J)/J","2024-06-04",17921,"2024-10-31",-4.18,-3.95,-3.6,-3.91,NA,"2024-10-31",13.97,10.31,18.76,14.34666667,NA,"2024-10-31",13.5,18.22,22.38,18.03333333,"Trial1_ledge,Trial2_box,Trial3_box",-0.985175367023044
61611,5,"Female","(CByB6F1/J x C3D2F1/J)/J","2024-06-04",17921,"2024-10-31",-4.18,-3.95,-3.6,-3.91,NA,"2024-10-31",13.97,10.31,18.76,14.34666667,NA,"2024-10-31",13.5,18.22,22.38,18.03333333,"Trial1_ledge,Trial2_box,Trial3_box",-0.985175367023044
62127,4,"Female","(CByB6F1/J x C3D2F1/J)/J","2024-06-04",18066,"2024-09-27",-3.25,-4.01,-3.82,-3.693333333,NA,"2024-09-27",2.44,3.25,34.59,13.42666667,NA,"2024-09-27",9.13,11.22,110.06,43.47,"Trial1_ledge,Trial2_ledge,Trial3_box",-0.717656650732144
62128,4,"Female","(CByB6F1/J x C3D2F1/J)/J","2024-06-04",18066,"2024-09-27",-3.39,-3.28,-2.84,-3.17,NA,"2024-09-27",4.54,3.43,24.44,10.80333333,NA,"2024-09-27",42.62,45.53,12.94,33.69666667,"Trial1_ledge,Trial2_ledge,Trial3_ledge",-0.633323727458631
