"Animal_ID","AM_PM","Sex","Line","Birth_Date","Animal_Info","CFC.baseline","CFC.PS1","CFC.PS2","CFC.PS3","CFC.PS4","CFA.Total","Train_threshold","Train_bout","Train_assay","Train_date","Age_at_Test","Age_Months","CFM.Bin1","CFM.Bin2","CFM.Bin3","CFM.Bin4","CFM.Bin5","CFM.Total","Test_threshold","Test_bout","Test_assay","Test_date"
53110,"PM","Female","(CByB6F1/J x C3D2F1/J)/J","2023-01-03","53110_Pen15370_EarN",0,2.5,8.7,3.73,5,6.65,21.2,1,"CFC_Train","2023-07-06",6.04467805519054,6,15.8,44.07,29.17,13.31,0,20.42,19.3,1,"CFC_Test","2023-07-07"
53111,"AM","Female","(CByB6F1/J x C3D2F1/J)/J","2023-01-03","53111_Pen15370_EarR",0,2.5,3.11,9.94,22.5,22.04,10.99,1,"CFC_Train","2023-08-14",7.32588699080158,7,39.29,57.8,76.04,54.26,90.19,63.5,10.37,1,"CFC_Test","2023-08-15"
53112,"AM","Female","(CByB6F1/J x C3D2F1/J)/J","2023-01-03","53112_Pen15370_EarL",0,0,0,7.45,8.75,9.71,13.08,1,"CFC_Train","2023-08-07",7.09592641261498,7,18.3,52.6,46.15,53.85,47.29,43.67,15.77,1,"CFC_Test","2023-08-08"
53113,"AM","Female","(CByB6F1/J x C3D2F1/J)/J","2023-01-03","53113_Pen15370_EarB",0,6.21,9.32,33.75,0,16.39,9.81,1,"CFC_Train","2023-08-08",7.12877792378449,7,49.69,56.13,46.57,26.67,6.05,37,10.48,1,"CFC_Test","2023-08-09"
53114,"AM","Female","(CByB6F1/J x C3D2F1/J)/J","2023-01-03","53114_Pen15370_Ear2R",0,0,0,13.66,8.75,15.25,11.19,1,"CFC_Train","2023-08-09",7.16162943495401,7,11.64,48.54,48.75,45.42,33.75,37.62,12.39,1,"CFC_Test","2023-08-10"
53115,"AM","Female","(CByB6F1/J x C3D2F1/J)/J","2023-01-03","53115_Pen15371_Ear2L",0,0,12.5,2.48,56.87,23.82,5,1,"CFC_Train","2024-07-01",17.904073587385,18,31.6,43.54,22.71,5.42,8.12,22.29,3.3,1,"CFC_Test","2024-07-02"
53116,"AM","Female","(CByB6F1/J x C3D2F1/J)/J","2023-01-03","53116_Pen15371_Ear2R1L",0,3.11,11.25,3.11,38.75,15.93,3,NA,"CFC_Train","2024-07-01",17.904073587385,18,16.22,40.62,22.71,23.33,24.37,25.42,1.7,NA,"CFC_Test","2024-07-02"
53117,"AM","Female","(CByB6F1/J x C3D2F1/J)/J","2023-01-03","53117_Pen15371_Ear1R2L",0.67,0,7.5,23.12,73.12,32.14,8.7,1,"CFC_Train","2024-07-09",18.1668856767411,18,51.14,56.13,72.14,84.79,82.5,69.33,4,1,"CFC_Test","2024-07-10"
53118,"AM","Female","(CByB6F1/J x C3D2F1/J)/J","2023-01-03","53118_Pen15371_Ear2B",3.16,0,6.88,16.87,36.87,14.68,6,1,"CFC_Train","2024-07-02",17.9369250985545,18,6.44,13.54,2.08,11.04,14.61,9.54,4,1,"CFC_Test","2024-07-03"
53119,"AM","Female","(CByB6F1/J x C3D2F1/J)/J","2023-01-03","53119_Pen15371_Ear3R",0,0,0,9.32,11.25,11.89,2.7,1,"CFC_Train","2024-07-08",18.1340341655716,18,23.08,36.17,7.71,1.25,3.34,14.33,4.2,1,"CFC_Test","2024-07-09"
53120,"AM","Female","(CByB6F1/J x C3D2F1/J)/J","2023-01-03","53120_Pen15372_EarN",0,2.5,43.75,54.04,61.25,43.14,6,NA,"CFC_Train","2024-07-08",18.1340341655716,18,54.47,83.99,75.21,40,59.92,62.71,3,NA,"CFC_Test","2024-07-09"
53122,"AM","Female","(CByB6F1/J x C3D2F1/J)/J","2023-01-03","53122_Pen15372_EarL",0,0,51.88,65.62,75.62,35.18,9,NA,"CFC_Train","2024-07-09",18.1668856767411,18,30.98,45.95,52.18,46.67,26.25,40.42,7,NA,"CFC_Test","2024-07-10"
53123,"AM","Female","(CByB6F1/J x C3D2F1/J)/J","2023-01-03","53123_Pen15372_EarB",0,2.5,11.87,31.06,13.12,22.64,4.7,1,"CFC_Train","2024-07-10",18.1997371879106,18,27.03,42,33.47,29.94,64.37,39.29,2,1,"CFC_Test","2024-07-11"
53124,NA,"Female","(CByB6F1/J x C3D2F1/J)/J","2023-01-03","53124_Ear2R_Pen15372",0.67,2.48,14.91,32.92,2.48,16.54,5,1,"CFC_Train","2024-07-11",18.2325886990802,18,32.22,25.83,30.42,18.5,32.15,27.83,7,1,"CFC_Test","2024-07-12"
53125,"AM","Female","(CByB6F1/J x C3D2F1/J)/J","2023-01-03","53125_Pen15373_Ear2L",13.14,20,60,60.62,74.37,53.96,7,1,"CFC_Train","2024-07-15",18.3639947437582,18,71.93,72.92,45.42,52.08,40.71,56.62,8,1,"CFC_Test","2024-07-16"
53126,"AM","Female","(CByB6F1/J x C3D2F1/J)/J","2023-01-03","53126_Pen15373_Ear2R1L",1.5,8.75,28.75,52.5,61.25,45.32,9,NA,"CFC_Train","2024-07-15",18.3639947437582,18,55.09,67.29,67.92,56.25,45.51,58.42,12,NA,"CFC_Test","2024-07-16"
53127,"AM","Female","(CByB6F1/J x C3D2F1/J)/J","2023-01-03","53127_Pen15373_Ear1R2L",5.66,18.01,20,45.34,43.12,29.89,6,1,"CFC_Train","2024-07-16",18.3968462549277,18,48.44,32.71,34.58,29.31,31.67,35.29,8,1,"CFC_Test","2024-07-17"
53128,"AM","Female","(CByB6F1/J x C3D2F1/J)/J","2023-01-03","53128_Pen15373_Ear2B",1,0,2.5,34.16,43.75,26.96,1.9,NA,"CFC_Train","2024-07-16",18.3968462549277,18,60.71,32.71,71.87,38.05,30.42,46.75,7,NA,"CFC_Test","2024-07-17"
53129,"AM","Female","(CByB6F1/J x C3D2F1/J)/J","2023-01-03","53129_Pen15373_Ear3R",2.83,5,5.59,38.75,49.37,32.29,5,1,"CFC_Train","2024-07-17",18.4296977660972,18,13.1,24.32,21.67,36.17,23.54,23.75,14,1,"CFC_Test","2024-07-18"
53130,"AM","Female","(CByB6F1/J x C3D2F1/J)/J","2023-01-03","53130_Pen15374_EarN",1.5,0,31.25,22.5,75.62,40.43,7.5,1,"CFC_Train","2023-06-05",5.02628120893561,5,72.14,75.62,65.7,76.04,60.75,70.07,3.6,1,"CFC_Test","2023-06-06"
53131,"PM","Female","(CByB6F1/J x C3D2F1/J)/J","2023-01-03","53131_Pen15374_Ear_R",0,0,2.5,20.5,18.63,19.39,14.2,1,"CFC_Train","2023-06-05",5.02628120893561,5,20.21,26.4,36.38,2.91,8.77,18.97,10.1,1,"CFC_Test","2023-06-06"
53132,"AM","Female","(CByB6F1/J x C3D2F1/J)/J","2023-01-03","53132_Pen15374_EarL",0,0,4.97,3.73,45.62,9.43,10.3,1,"CFC_Train","2023-06-06",5.05913272010512,5,32.08,55.51,43.66,53.01,16.7,40.23,4.7,1,"CFC_Test","2023-06-07"
53133,"AM","Female","(CByB6F1/J x C3D2F1/J)/J","2023-01-03","53133_Pen15374_EarB",0,13.04,9.94,45.34,28.57,23.96,11.3,1,"CFC_Train","2023-06-07",5.09198423127464,5,46.99,59.17,69.37,41.79,40.5,51.54,9,1,"CFC_Test","2023-06-08"
53134,"PM","Female","(CByB6F1/J x C3D2F1/J)/J","2023-01-03","53134_Pen15374_Ear2R",2,22.5,58.39,53.12,36.25,34.04,10.4,1,"CFC_Train","2023-06-08",5.12483574244415,5,36.59,52.92,70.89,53.12,28.75,48.42,10.2,1,"CFC_Test","2023-06-09"
53135,"AM","Female","(CByB6F1/J x C3D2F1/J)/J","2023-01-03","53135_Pen15375_Ear2L",4.33,6.83,11.25,21.12,28.57,20.93,19.4,1,"CFC_Train","2023-06-12",5.25624178712221,5,68.19,48.33,64.79,7.5,28.96,43.58,13.8,1,"CFC_Test","2023-06-13"
53136,"PM","Female","(CByB6F1/J x C3D2F1/J)/J","2023-01-03","53136_Pen15375_Ear2R1L",0,11.25,6.88,78.12,88.12,36.54,15,1,"CFC_Train","2023-06-12",5.25624178712221,5,35.55,67.15,69.02,26.67,44.89,48.71,15.7,1,"CFC_Test","2023-06-13"
53137,"AM","Female","(CByB6F1/J x C3D2F1/J)/J","2023-01-03","53137_Pen15375_Ear1R2L",2.5,37.27,17.5,50.93,18.75,32.55,15.4,1,"CFC_Train","2023-06-13",5.28909329829172,5,33.68,43.04,64.37,50.31,37.37,45.81,16.9,1,"CFC_Test","2023-06-14"
53138,"AM","Female","(CByB6F1/J x C3D2F1/J)/J","2023-01-03","53138_Pen15375_Ear2B",0,0,9.32,60.25,72.5,43.04,12.3,1,"CFC_Train","2023-06-14",5.32194480946124,5,75.26,97.08,92.5,94.37,83.3,88.5,6.7,1,"CFC_Test","2023-06-15"
53139,"PM","Female","(CByB6F1/J x C3D2F1/J)/J","2023-01-03","53139_Pen15375_Ear3R",0.67,2.48,2.48,18.01,39.13,21.61,22.7,1,"CFC_Train","2023-06-15",5.35479632063075,5,15.8,25.83,34.58,51.04,33.4,32.12,8.4,1,"CFC_Test","2023-06-16"
53140,"AM","Female","(CByB6F1/J x C3D2F1/J)/J","2023-01-03","53140_Pen15376_EarN",0,0,4.37,3.11,26.09,9.25,13.4,1,"CFC_Train","2023-06-19",5.4862023653088,5,28.54,55.51,29.31,36.8,19.79,34.04,10.7,1,"CFC_Test","2023-06-20"
53141,"PM","Female","(CByB6F1/J x C3D2F1/J)/J","2023-01-03","53141_Pen15376_EarR",3.33,9.94,47.2,61.25,68.75,42,5.8,1,"CFC_Train","2023-06-19",5.4862023653088,5,37.63,32.02,32.22,23.49,27.71,30.63,6.8,1,"CFC_Test","2023-06-20"
53143,"AM","Female","(CByB6F1/J x C3D2F1/J)/J","2023-01-03","53143_Pen15376_EarB",1.5,0,7.45,24.37,59.37,25.18,11.3,1,"CFC_Train","2023-06-21",5.55190538764783,6,37.42,50.42,46.25,45.42,43.01,44.5,9.6,1,"CFC_Test","2023-06-22"
53144,"PM","Female","(CByB6F1/J x C3D2F1/J)/J","2023-01-03","53144_Pen15376_Ear2R",0.67,14.91,43.48,49.69,73.91,31.39,6.5,1,"CFC_Train","2023-06-22",5.58475689881735,6,48.44,58.84,19.96,12.27,10.42,29.96,7.7,1,"CFC_Test","2023-06-23"
53145,"AM","Female","(CByB6F1/J x C3D2F1/J)/J","2023-01-03","53145_Pen15377_Ear2L",0.67,0,28.57,45.34,39.13,32.25,16.6,1,"CFC_Train","2023-06-26",5.7161629434954,6,42,56.96,45,75.88,74.53,58.9,10.9,1,"CFC_Test","2023-06-27"
53146,"PM","Female","(CByB6F1/J x C3D2F1/J)/J","2023-01-03","53146_Pen15377_Ear2R1L",1,6.25,6.83,56.52,45.96,40.82,11.8,1,"CFC_Train","2023-06-26",5.7161629434954,6,55.21,60.91,44.7,32.22,40.83,46.75,10.5,1,"CFC_Test","2023-06-27"
53147,"AM","Female","(CByB6F1/J x C3D2F1/J)/J","2023-01-03","53147_Pen15377_Ear1R2L",5.99,0,5.59,0,5.62,6.57,16.3,1,"CFC_Train","2023-06-27",5.74901445466491,6,17.26,11.87,11.85,13.1,10,12.79,12.1,1,"CFC_Test","2023-06-28"
53148,"AM","Female","(CByB6F1/J x C3D2F1/J)/J","2023-01-03","53148_Pen15377_Ear2B",7.32,22.36,22.36,46.58,39.75,33.96,16,1,"CFC_Train","2023-06-28",5.78186596583443,6,55.93,70,77.13,84.17,75.62,72.58,8.4,1,"CFC_Test","2023-06-29"
53149,"PM","Female","(CByB6F1/J x C3D2F1/J)/J","2023-01-03","53149_Pen15377_Ear2R",0,0,0,34.16,75.16,30.25,16.7,1,"CFC_Train","2023-06-28",5.78186596583443,6,35.76,48.33,44.79,28.96,58.46,43.25,15.1,1,"CFC_Test","2023-06-29"
53150,"AM","Female","(CByB6F1/J x C3D2F1/J)/J","2023-01-03","53150_Pen15378_EarN",1.5,0,16.87,30.63,55.9,29.25,7.3,1,"CFC_Train","2023-07-10",6.17608409986859,6,62.99,68.19,68.75,62.99,55.21,63.67,4.7,1,"CFC_Test","2023-07-10"
53151,"PM","Female","(CByB6F1/J x C3D2F1/J)/J","2023-01-03","53151_Pen15378_EarR",0,0,15.62,5.62,0.62,4.61,22.8,1,"CFC_Train","2023-07-10",6.17608409986859,6,14.14,11.25,14.35,8.12,0.83,9.75,17.7,1,"CFC_Test","2023-07-11"
53152,"AM","Female","(CByB6F1/J x C3D2F1/J)/J","2023-01-03","53152_Pen15378EarL",0,0,0,17.39,41.87,24.19,14.1,1,"CFC_Train","2023-07-11",6.20893561103811,6,52.81,67.08,43.12,39.17,44.05,49.25,8.1,1,"CFC_Test","2023-07-12"
53153,"AM","Female","(CByB6F1/J x C3D2F1/J)/J","2023-01-03","53153_Pen15378_EarB",0,0,16.87,34.16,30.43,26.29,12.7,1,"CFC_Train","2023-07-12",6.24178712220762,6,12.5,31.04,55.3,70.83,63.96,46.71,8.7,1,"CFC_Test","2023-07-13"
53154,"PM","Female","(CByB6F1/J x C3D2F1/J)/J","2023-01-03","53154_Pen15378_Ear2R",0.67,0,3.11,17.39,18.63,14.89,12.9,1,"CFC_Train","2023-07-13",6.27463863337714,6,35.97,48.12,65.07,58.54,34.24,48.42,9.8,1,"CFC_Test","2023-07-14"
53155,"AM","Female","(CByB6F1/J x C3D2F1/J)/J","2023-01-03","53155_Pen15379_Ear2L",0.83,5,0,10.56,12.42,13.29,12.4,1,"CFC_Train","2023-07-17",6.40604467805519,6,45.83,34.51,36.25,37.84,27.97,36.43,12.5,1,"CFC_Test","2023-07-17"
53156,"PM","Female","(CByB6F1/J x C3D2F1/J)/J","2023-01-03","53156_Pen15379_Ear2R1L",0.67,0,0,9.94,3.12,4.21,11.7,1,"CFC_Train","2023-07-17",6.40604467805519,6,4.99,4.16,5.41,5.21,1.67,4.29,18.2,1,"CFC_Test","2023-07-18"
53157,"AM","Female","(CByB6F1/J x C3D2F1/J)/J","2023-01-03","53157_Pen15379_Ear2L",2.33,13.75,24.37,55.35,39.13,34.86,10.5,1,"CFC_Train","2023-07-18",6.4388961892247,6,82.74,78.79,43.12,54.68,56.67,63.25,7,1,"CFC_Test","2023-07-19"
53158,"AM","Female","(CByB6F1/J x C3D2F1/J)/J","2023-01-03","53158_Pen15379_Ear2B",0,0,10,26.71,23.6,23.62,13.6,1,"CFC_Train","2023-07-19",6.47174770039422,6,88.75,99.38,77.92,73.54,94.79,86.87,5.5,1,"CFC_Test","2023-07-20"
53159,"PM","Female","(CByB6F1/J x C3D2F1/J)/J","2023-01-03","53159_Pen15379_Ear3R",0,0,0,0,5.59,5.14,12.8,1,"CFC_Train","2023-07-20",6.50459921156373,7,14.35,16.46,30,1.67,8.56,14.21,12.1,1,"CFC_Test","2023-07-21"
53160,"AM","Female","(CByB6F1/J x C3D2F1/J)/J","2023-01-03","53160_Pen15380_EarN",0,0,10,19.88,46.25,27.08,10.37,1,"CFC_Train","2023-07-24",6.63600525624179,7,43.12,79,60.21,52.92,27.92,52.62,10.9,1,"CFC_Test","2023-07-25"
53161,"PM","Female","(CByB6F1/J x C3D2F1/J)/J","2023-01-03","53161_Pen53180_EarR",0,0,0,21.87,3.75,10.65,10.78,1,"CFC_Train","2023-07-24",6.63600525624179,7,37.21,60.91,67.98,72.08,63.47,60.32,10.7,1,"CFC_Test","2023-07-25"
53162,"AM","Female","(CByB6F1/J x C3D2F1/J)/J","2023-01-03","53162_Pen15380_EarL",0.83,0,0,0,29.19,8.4,10.9,1,"CFC_Train","2023-07-25",6.6688567674113,7,44.91,47.08,41.25,11.87,11.27,31.29,14.9,1,"CFC_Test","2023-07-26"
53163,"AM","Female","(CByB6F1/J x C3D2F1/J)/J","2023-01-03","53163_Pen15380_EarB",1.66,0,8.12,0,15.53,18,11.3,1,"CFC_Train","2023-07-26",6.70170827858081,7,31.46,67.78,80.67,56.76,44.47,56.23,13.2,1,"CFC_Test","2023-07-27"
53164,"AM","Female","(CByB6F1/J x C3D2F1/J)/J","2023-01-03","53164_Pen15380_EAr2R",0,3.11,26.87,22.98,49.69,34,10.4,1,"CFC_Train","2023-07-27",6.73455978975033,7,50.94,73.8,70.69,88.96,70.77,71.03,18.1,1,"CFC_Test","2023-07-28"
53165,"AM","Female","(CByB6F1/J x C3D2F1/J)/J","2023-01-03","53165_Pen15381_Ear2L",0.67,0,4.35,5.59,43.48,15.04,11.7,1,"CFC_Train","2023-07-31",6.86596583442838,7,28.75,31.46,44.07,21.25,20.62,29.21,11.2,1,"CFC_Test","2023-08-01"
53166,"PM","Female","(CByB6F1/J x C3D2F1/J)/J","2023-01-03","53166_Pen15381_Ear2R1L",0,0,2.48,13.66,33.54,22.69,16.8,NA,"CFC_Train","2023-07-31",6.86596583442838,7,21.62,49.9,59.67,51.14,48.64,46.23,11.4,1,"CFC_Test","2023-08-01"
53167,"AM","Female","(CByB6F1/J x C3D2F1/J)/J","2023-01-03","53167_Pen15381_Ear1r2L",0,9.32,2.5,18.63,48.45,29.25,12.8,1,"CFC_Train","2023-08-01",6.8988173455979,7,43.54,65.21,64.66,59.46,73.33,61.21,12.5,1,"CFC_Test","2023-08-02"
53168,"AM","Female","(CByB6F1/J x C3D2F1/J)/J","2023-01-03","53168_Pen15381_Ear2B",0.83,3.12,22.98,52.8,39.37,32.68,10.9,1,"CFC_Train","2023-08-02",6.93166885676741,7,33.96,70.21,52.71,24.32,21.71,40.56,10.6,1,"CFC_Test","2023-08-03"
53169,"PM","Female","(CByB6F1/J x C3D2F1/J)/J","2023-01-03","53169_Pen15831_Ear3R",0.67,0,6.21,3.11,15.62,15.55,10,1,"CFC_Train","2023-08-03",6.96452036793692,7,21.41,44.49,13.93,17.92,0.84,19.76,14.9,1,"CFC_Test","2023-08-04"
53170,"AM","Female","(CByB6F1/J x C3D2F1/J)/J","2022-03-29","53170_Pen15382_EarN",25.83,30.63,17.39,47.83,0,26.72,5.79,1,"CFC_Train","2024-06-17",26.6425755584757,27,29.94,36.38,33.12,17.92,27.77,29.04,5.57,1,"CFC_Test","2024-06-18"
53171,NA,NA,NA,NA,NA,NA,NA,NA,NA,NA,NA,NA,NA,NA,NA,NA,NA,37.29,58.75,67.78,51.04,40,50.96,10.21,1,"CFC_Test","2023-08-08"
53173,"AM","Female","(CByB6F1/J x C3D2F1/J)/J","2022-03-29","53173_Pen15382_EarB",0,0,16.77,22.98,33.75,28.89,13.95,1,"CFC_Train","2024-06-18",26.6754270696452,27,43.87,82.92,59.88,56.13,48.02,58.11,2.5,NA,"CFC_Test","2024-06-18"
53174,"AM","Female","(CByB6F1/J x C3D2F1/J)/J","2022-03-29","53174_Pen15382_Ear2R",0,0,3.11,2.48,52.17,25.64,4.5,1,"CFC_Train","2024-05-14",25.5256241787122,26,39.71,75.42,76.46,60.29,52.82,60.9,4.57,1,"CFC_Test","2024-05-15"
53177,"AM","Female","(CByB6F1/J x C3D2F1/J)/J","2022-03-29","53177_Pen15383_Ear1R2L",1.83,57.76,80.75,69.57,19.25,47.25,6.43,NA,"CFC_Train","2024-05-14",25.5256241787122,26,11.43,59.17,49.58,31.81,57.41,41.89,10.17,NA,"CFC_Test","2024-05-15"
53178,"AM","Female","(CByB6F1/J x C3D2F1/J)/J","2022-03-29","53178_Pen15383_Ear2B",0,0,32.5,28.75,50,28.07,11.19,1,"CFC_Train","2024-05-15",25.5584756898817,26,20.62,43.12,31.6,24.12,28.54,29.62,6.47,1,"CFC_Test","2024-05-16"
53179,"PM","Female","(CByB6F1/J x C3D2F1/J)/J","2022-03-29","53179_Pen15383_Ear3R",3.33,7.45,11.18,43.12,40.37,29.64,10.31,1,"CFC_Train","2024-05-15",25.5584756898817,26,16.42,61.75,39.58,61.12,45.21,44.83,15.43,1,"CFC_Test","2024-05-16"
53180,"AM","Female","(CByB6F1/J x C3D2F1/J)/J","2022-03-29","53180_Pen15384_EarN",0,16.87,26.09,17.5,60.62,18.11,5.92,1,"CFC_Train","2024-05-28",25.9855453350854,26,22.45,37.92,31.6,43.33,12.73,29.62,8.57,1,"CFC_Test","2024-05-29"
53181,"AM","Female","(CByB6F1/J x C3D2F1/J)/J","2022-03-29","53181_Pen15384_EarR",8.65,18.12,68.32,63.12,73.75,49.07,5.29,NA,"CFC_Train","2024-05-28",25.9855453350854,26,54.89,78.33,82.33,73.75,52.61,68.37,15.96,NA,"CFC_Test","2024-05-29"
53183,"AM","Female","(CByB6F1/J x C3D2F1/J)/J","2022-03-29","53183_Pen15384_EarB",0.83,4.35,16.77,33.12,13.66,20.07,4.93,1,"CFC_Train","2024-05-29",26.0183968462549,26,29.73,49.79,44.79,48.12,31.67,40.79,5.79,1,"CFC_Test","2024-05-30"
53184,"PM","Female","(CByB6F1/J x C3D2F1/J)/J","2022-03-29","53184_Ear2R_Pen15384",0.67,0,14.47,24.37,51.88,20.11,7.53,1,"CFC_Train","2024-05-30",26.0512483574244,26,42.83,62.29,41.67,64.03,47.08,51.62,4.82,1,"CFC_Test","2024-05-31"
53185,"AM","Female","(CByB6F1/J x C3D2F1/J)/J","2022-03-29","53185_Pen15385_Ear2L",6.82,26.71,71.25,68.94,73.91,51.52,5.05,1,"CFC_Train","2024-06-03",26.1826544021025,26,63.41,35.34,42.92,16.46,28.6,37.37,9.71,1,"CFC_Test","2024-06-04"
53186,"AM","Female","(CByB6F1/J x C3D2F1/J)/J","2022-03-29","53186_Pen15385_Ear2R1L",6.49,25.47,63.12,49.69,79.5,51.66,12.96,NA,"CFC_Train","2024-06-03",26.1826544021025,26,42,69.85,80.21,34.58,76.83,60.67,12.9,NA,"CFC_Test","2024-06-04"
53195,"AM","Female","(CByB6F1/J x C3D2F1/J)/J","2022-03-29","53195_Pen15387_Ear2L",13.98,14.91,52.5,67.7,51.88,56.29,8.5,1,"CFC_Train","2024-06-04",26.215505913272,26,44.58,75.21,56.55,88.33,67.29,66.37,10.33,1,"CFC_Test","2024-06-05"
53196,"AM","Female","(CByB6F1/J x C3D2F1/J)/J","2022-03-29","53196_Pen15387_Ear2R1L",0,11.25,45,6.88,23.12,23.11,5.42,1,"CFC_Train","2024-06-05",26.2483574244415,26,26.61,20.79,12.89,19.37,6.46,17.21,6.67,1,"CFC_Test","2024-06-06"
53198,"AM","Female","(CByB6F1/J x C3D2F1/J)/J","2022-03-29","53198_Pen15387_Ear2B",3.83,2.5,13.04,42.86,34.16,25.69,10.92,1,"CFC_Train","2024-06-10",26.4126149802891,26,22.04,39.79,43.66,42.62,50.1,39.62,11.67,1,"CFC_Test","2024-06-11"
53199,"AM","Female","(CByB6F1/J x C3D2F1/J)/J","2022-03-29","53199_Pen15387_Ear3R",0.67,6.88,39.75,48.45,34.78,36.76,11.67,NA,"CFC_Train","2024-06-10",26.4126149802891,26,40.96,39.58,47.61,54.26,30.69,42.67,12.67,NA,"CFC_Test","2024-06-11"
53202,"AM","Female","(CByB6F1/J x C3D2F1/J)/J","2022-03-29","53202_Pen15388_EarL",0.67,16.77,46.25,50.93,66.25,40.98,10.98,1,"CFC_Train","2024-06-11",26.4454664914586,26,25.99,61.25,69.79,37.84,54.49,49.9,4.14,1,"CFC_Test","2024-06-12"
53203,"AM","Female","(CByB6F1/J x C3D2F1/J)/J","2022-03-29","53203_Pen15388_EarB",3.83,32.3,6.25,42.24,67.08,35.86,5.36,1,"CFC_Train","2024-06-12",26.4783180026281,26,58.63,86.87,86.46,68.75,36.74,67.5,3.64,1,"CFC_Test","2024-06-13"
53206,"AM","Female","(CByB6F1/J x C3D2F1/J)/J","2022-03-29","53206_Ear2R1L_Pen15389",4.33,31.25,27.5,32.3,55.28,35.18,8.5,1,"CFC_Train","2024-09-03",29.2049934296978,29,47.92,35.97,28.96,42.62,31.04,37.25,4.2,1,"CFC_Test","2024-09-04"
53208,"AM","Female","(CByB6F1/J x C3D2F1/J)/J","2022-03-29","53208_Ear2B_Pen15389",13.33,88.2,62.73,65.84,67.7,54,9,1,"CFC_Train","2024-09-04",29.2378449408673,29,30.56,56.96,37.08,55.09,45.93,45.12,10,1,"CFC_Test","2024-09-05"
53209,"AM","Female","(CByB6F1/J x C3D2F1/J)/J","2022-03-29","53209_Ear3R_Pen15389",3,33.75,70.62,42.24,72.05,48.05,9,1,"CFC_Train","2024-09-09",29.4021024967148,29,30.98,58,65.28,44.37,60.96,51.88,10.8,1,"CFC_Test","2024-09-10"
53440,"AM","Female","(CByB6F1/J x C3D2F1/J)/J","2022-04-12","53440_Pen15468_EarN",5.32,21.87,51.88,73.12,80.62,52.39,5.16,1,"CFC_Train","2024-04-23",24.3758212877792,24,NA,NA,NA,NA,NA,NA,NA,NA,NA,NA
53441,NA,"Female","(CByB6F1/J x C3D2F1/J)/J","2022-04-12","53441_Pen15468_EarR",7.67,33.12,39.37,57.14,50.31,40.71,7.21,1,"CFC_Train","2024-04-24",24.4086727989487,24,84.62,93.75,87.53,93.96,89.98,89.96,3.57,1,"CFC_Test","2024-04-24"
53446,"AM","Female","(CByB6F1/J x C3D2F1/J)/J","2022-04-12","53446_Pen15469_Ear2R1L",0,0,0,52.5,5.62,23.39,5.69,NA,"CFC_Train","2024-05-13",25.0328515111695,25,8.11,48.23,58.75,49.79,13.78,35.76,8.19,NA,"CFC_Test","2024-05-14"
53450,"AM","Female","(CByB6F1/J x C3D2F1/J)/J","2022-04-12","53450_Pen15470_EarN",8.15,27.5,31.87,53.75,75.78,44.59,10,1,"CFC_Train","2024-05-01",24.6386333771353,25,66.04,53.54,59.46,76.04,37.58,58.52,8,1,"CFC_Test","2024-05-02"
53451,"PM","Female","(CByB6F1/J x C3D2F1/J)/J","2022-04-12","53451_EarR_Pen15470",1.66,0,0,34.16,28.12,29.18,8.08,1,"CFC_Train","2024-05-02",24.6714848883049,25,25.57,43.45,56.13,37.29,60.75,44.56,9,1,"CFC_Test","2024-05-03"
53452,"AM","Female","(CByB6F1/J x C3D2F1/J)/J","2022-04-12","53452_Pen15470_EarL",5,1.86,9.37,19.25,39.13,24.96,5.32,1,"CFC_Train","2024-05-06",24.8028909329829,25,34.3,22.08,36.25,45.83,27.97,33.29,8,1,"CFC_Test","2024-05-07"
53453,"AM","Female","(CByB6F1/J x C3D2F1/J)/J","2022-04-12","53453_Pen15470_EarB",8.83,31.06,25.62,20.5,29.81,32.04,8.55,NA,"CFC_Train","2024-05-06",24.8028909329829,25,24.32,48.12,56.04,40,53.65,44.42,11.33,NA,"CFC_Test","2024-05-07"
53454,"AM","Female","(CByB6F1/J x C3D2F1/J)/J","2022-04-12","53454_Pen15470_Ear2R",5.32,2.48,23.6,46.87,49.37,28.94,12,1,"CFC_Train","2024-05-07",24.8357424441524,25,58.84,50.21,59.17,22.04,6.47,39.33,10.17,1,"CFC_Test","2024-05-08"
53455,"PM","Female","(CByB6F1/J x C3D2F1/J)/J","2022-04-12","53455_Ear2L_Pen15471",6.17,2.5,13.12,50,49.69,35.61,8.92,1,"CFC_Train","2024-03-07",22.8318002628121,23,23.28,72.5,66.25,31.46,26.3,43.96,9.88,1,"CFC_Test","2024-03-08"
53456,"AM","Female","(CByB6F1/J x C3D2F1/J)/J","2022-04-12","53456_Pen15471_Ear2R1L",4.99,21.25,13.66,40.62,35.62,26.11,15.76,1,"CFC_Train","2024-03-11",22.9632063074901,23,36.04,40.96,28.48,23.12,3.12,26.37,4.83,1,"CFC_Test","2024-03-12"
53457,"PM","Female","(CByB6F1/J x C3D2F1/J)/J","2022-04-12","53457_Ear1R2L_Pen15471",0.67,7.45,39.75,59.37,85.09,38.64,6.73,1,"CFC_Train","2024-03-11",22.9632063074901,23,55.09,55,63.2,74.17,79.58,65.37,11.71,1,"CFC_Test","2024-03-12"
53458,"AM","Female","(CByB6F1/J x C3D2F1/J)/J","2022-04-12","53458_Pen15471_Ear2B",10.82,26.87,42.24,31.68,44.1,43.18,10.04,1,"CFC_Train","2024-03-12",22.9960578186597,23,59.37,75.47,82.08,59.37,42.17,63.69,26.26,1,"CFC_Test","2024-03-13"
53459,"AM","Female","(CByB6F1/J x C3D2F1/J)/J","2022-04-12","53459_Pen15471_Ear3R",3.66,27.5,20.62,44.37,62.73,39.68,13.24,1,"CFC_Train","2024-03-13",23.0289093298292,23,13.72,30.21,56.76,56.96,34.86,38.5,14.5,1,"CFC_Test","2024-03-14"
53460,"AM","Female","(CByB6F1/J x C3D2F1/J)/J","2022-04-12","53460_EarN_Pen15472",3.17,19.25,32.3,51.25,52.5,39.18,12.79,1,"CFC_Train","2024-03-14",23.0617608409987,23,23.91,56.76,65.07,33.47,68.33,49.5,9.86,1,"CFC_Test","2024-03-15"
53463,"PM","Female","(CByB6F1/J x C3D2F1/J)/J","2022-04-12","53463_EarB_15472",8.32,37.27,54.04,67.7,37.27,49.95,12.21,1,"CFC_Train","2024-03-18",23.1931668856767,23,45.32,70.48,58.84,58.96,77.87,62.32,14.08,1,"CFC_Test","2024-03-19"
53464,"AM","Female","(CByB6F1/J x C3D2F1/J)/J","2022-04-12","53464_Pen15472_Ear2R",0,16.77,47.2,50.62,39.75,38.5,6.94,1,"CFC_Train","2024-03-19",23.2260183968463,23,28.69,51.98,62.79,48.96,30.06,44.48,8.71,1,"CFC_Test","2024-03-20"
53465,"AM","Female","(CByB6F1/J x C3D2F1/J)/J","2022-04-12","53465_Pen15473_Ear2L",17.8,8.12,2.5,0,11.18,18.04,9.92,1,"CFC_Train","2024-03-20",23.2588699080158,23,56.13,73.33,54.17,72.29,70,65.21,7.92,1,"CFC_Test","2024-03-21"
53466,"PM","Female","(CByB6F1/J x C3D2F1/J)/J","2022-04-12","53466_Pen15473_Ear2R1L",17.83,18.01,42.24,61.49,45.86,50.04,9.92,1,"CFC_Train","2024-03-21",23.2917214191853,23,75.83,44.49,71.31,94.17,13.15,59.77,17.19,1,"CFC_Test","2024-03-22"
53467,"AM","Female","(CByB6F1/J x C3D2F1/J)/J","2022-04-12","53467_Pen15473_Ear1R2L",5.66,2.48,19.25,46.58,56.52,38.96,14.33,1,"CFC_Train","2024-03-25",23.4231274638633,23,26.25,43.87,48.02,50.31,55.53,44.77,15,1,"CFC_Test","2024-03-26"
53468,"PM","Female","(CByB6F1/J x C3D2F1/J)/J","2022-04-12","53468_Ear2B_Pen15473",6.32,19.37,52.5,50.31,71.87,47.32,12.47,1,"CFC_Train","2024-03-25",23.4231274638633,23,41.04,56.34,61.54,55.93,84.58,59.87,23.71,1,"CFC_Test","2024-03-26"
53469,"AM","Female","(CByB6F1/J x C3D2F1/J)/J","2022-04-12","53469_Pen15473_Ear3R",9.65,20.62,37.27,67.5,35,37.01,7.43,1,"CFC_Train","2024-03-26",23.4559789750328,23,45.11,27.86,33.75,34.72,59.5,40.12,19.79,1,"CFC_Test","2024-03-27"
53470,"AM","Female","(CByB6F1/J x C3D2F1/J)/J","2022-04-12","53470_Pen15474_EarN",4,21.25,42.5,22.98,45.34,30,10.17,1,"CFC_Train","2024-03-27",23.4888304862024,23,39.92,45.42,23.75,47.82,43.01,39.96,6.36,1,"CFC_Test","2024-03-28"
53471,"AM","Female","(CByB6F1/J x C3D2F1/J)/J","2022-04-12","53471_Pen15474_EarR",18.97,25,43.75,33.75,36.87,37.96,6.83,1,"CFC_Train","2024-03-28",23.5216819973719,24,46.57,59.37,42.92,50.94,40.08,47.96,9.07,1,"CFC_Test","2024-03-29"
53472,"AM","Female","(CByB6F1/J x C3D2F1/J)/J","2022-04-12","53472_Pen15474_EarL",0,13.12,51.55,72.05,95,50.52,5.64,1,"CFC_Train","2024-04-01",23.6530880420499,24,49.69,53.22,44.91,79.17,39.46,53.27,9.08,1,"CFC_Test","2024-04-02"
53473,"PM","Female","(CByB6F1/J x C3D2F1/J)/J","2022-04-12","53473_EarB_Pen15474",13.17,22.36,27.33,41.61,42.86,32.04,8.25,1,"CFC_Train","2024-04-01",23.6530880420499,24,70.89,54.37,35.83,51.04,44.26,51.29,14.14,1,"CFC_Test","2024-04-02"
53474,"AM","Female","(CByB6F1/J x C3D2F1/J)/J","2022-04-12","53474_Pen15474_Ear2R",27.95,5.59,11.87,33.75,53.12,31.08,5.79,1,"CFC_Train","2024-04-02",23.6859395532194,24,43.66,55.93,33.26,27.08,61.46,44.25,10.25,1,"CFC_Test","2024-04-03"
53475,"AM","Female","(CByB6F1/J x C3D2F1/J)/J","2022-04-12","53475_Pen15475_Ear2L",0,2.48,0,0,0,2.39,8.33,1,"CFC_Train","2024-04-03",23.718791064389,24,99.79,100,100,100,100,99.96,9.64,1,"CFC_Test","2024-04-04"
53477,"AM","Female","(CByB6F1/J x C3D2F1/J)/J","2022-04-12","53477_Pen15475_Ear1R2L",0.83,0,3.73,41.25,56.87,26.82,6.07,1,"CFC_Train","2024-04-08",23.8830486202365,24,87.5,65.21,72.97,62.99,52.82,68.32,9.58,NA,"CFC_Test","2024-04-09"
53478,"PM","Female","(CByB6F1/J x C3D2F1/J)/J","2022-04-12","53478_Ear2B_Pen15475",4.99,8.7,19.37,26.71,20.5,29.25,5.14,1,"CFC_Train","2024-04-08",23.8830486202365,24,27.71,55.51,56.76,62.71,75.16,55.61,17,1,"CFC_Test","2024-04-09"
53479,"AM","Female","(CByB6F1/J x C3D2F1/J)/J","2022-04-12","53479_Pen15475_Ear3R",3.66,9.32,37.27,46.87,44.37,32,12.25,1,"CFC_Train","2024-04-09",23.915900131406,24,35.21,56.25,79.21,40.42,45.42,51.33,11.76,1,"CFC_Test","2024-04-10"
53612,"PM","Female","(CByB6F1/J x C3D2F1/J)/J","2022-04-26","53612_EarN_Pen15515",11.5,40.37,77.5,58.13,61.49,55.77,3.64,1,"CFC_Train","2024-04-18",23.7516425755585,24,45.95,56.76,67.08,59.25,54.79,56.71,8.63,1,"CFC_Test","2024-04-19"
53614,"AM","Female","(CByB6F1/J x C3D2F1/J)/J","2022-04-26","53614_Pen15515_EarL",11.15,34.37,73.75,80.75,90.68,59.93,9,1,"CFC_Train","2024-04-22",23.8830486202365,24,51.56,79.83,42.41,62.58,71.87,61.67,12.18,1,"CFC_Test","2024-04-23"
53616,"AM","Female","(CByB6F1/J x C3D2F1/J)/J","2022-04-26","53616_Pen15515_Ear2R",20.83,34.16,54.37,84.37,90,64.61,6.64,1,"CFC_Train","2024-05-13",24.5729303547963,25,69.02,87.11,89.79,23.54,36.53,61.23,6.33,1,"CFC_Test","2024-05-14"
54227,"AM","Female","(CByB6F1/J x C3D2F1/J)/J","2022-05-24","54227_Pen15708_EarR",2.5,0,9.94,49.69,48.75,29.94,8.89,NA,"CFC_Train","2024-04-01",22.2733245729304,22,63.41,75.26,80.67,54.58,70.15,68.86,15.57,NA,"CFC_Test","2024-04-02"
54228,"PM","Female","(CByB6F1/J x C3D2F1/J)/J","2022-05-24","54228_EarL_Pen15708",4.17,45.34,58.39,73.29,72.67,53.04,11,NA,"CFC_Train","2024-04-01",22.2733245729304,22,54.68,49.9,45,49.58,39.67,47.79,7.14,1,"CFC_Test","2024-04-02"
54229,"AM","Female","(CByB6F1/J x C3D2F1/J)/J","2022-05-24","54229_Pen15708_EarB",1,3.11,28.57,28.75,37.5,25.57,5.64,NA,"CFC_Train","2024-04-08",22.503285151117,23,66.04,45.42,28.07,61.33,23.38,44.89,9.93,1,"CFC_Test","2024-04-09"
54232,"PM","Female","(CByB6F1/J x C3D2F1/J)/J","2022-05-24","54232_Ear2R1L_Pen15709",1,0,2.5,13.04,3.11,6.25,6.42,1,"CFC_Train","2024-04-11",22.6018396846255,23,9.56,16.84,28.33,22.5,21.5,19.75,5.17,1,"CFC_Test","2024-04-12"
54233,"AM","Female","(CByB6F1/J x C3D2F1/J)/J","2022-05-24","54233_Pen15709_Ear1R2L",2.5,5.62,0,23.12,44.37,23.29,9.32,1,"CFC_Train","2024-04-15",22.7332457293035,23,80,51.98,76.72,53.33,36.46,59.71,11.92,1,"CFC_Test","2024-04-16"
54234,"AM","Female","(CByB6F1/J x C3D2F1/J)/J","2022-05-24","54234_Pen15709_Ear2B",0,0,0,19.37,56.25,21.36,3,NA,"CFC_Train","2024-04-15",22.7332457293035,23,33.75,23.49,24.95,42.29,22.5,29.37,5.33,NA,"CFC_Test","2024-04-16"
54235,"PM","Female","(CByB6F1/J x C3D2F1/J)/J","2022-05-24","54235_Ear3R_Pen15709",0,3.11,26.71,15,39.13,19.07,11.76,1,"CFC_Train","2024-04-15",22.7332457293035,23,27.71,30.56,38.88,49.48,39.87,37.27,7.76,1,"CFC_Test","2024-04-16"
54237,"PM","Female","(CByB6F1/J x C3D2F1/J)/J","2022-05-24","54237_Pen15710_EarR",2.16,4.97,11.25,33.54,8.75,18.11,5.08,1,"CFC_Train","2024-05-09",23.5216819973719,24,14.97,53.64,55,69.44,85.62,55.71,11.07,1,"CFC_Test","2024-05-10"
54238,"AM","Female","(CByB6F1/J x C3D2F1/J)/J","2022-05-24","54238_Pen15710_EarL",15.97,23.6,39.75,52.8,50.93,37.21,6,1,"CFC_Train","2024-04-16",22.7660972404731,23,38.88,56.87,59.25,52.81,73.7,56.29,9.71,1,"CFC_Test","2024-04-17"
54240,"AM","Female","(CByB6F1/J x C3D2F1/J)/J","2022-05-24","54240_Pen15710_Ear2R",1,0,29.37,61.87,76.87,28.25,2.83,1,"CFC_Train","2024-04-17",22.7989487516426,23,52.81,68.61,40.33,8.11,7.31,35.43,7.17,1,"CFC_Test","2024-04-18"
54241,"AM","Female","(CByB6F1/J x C3D2F1/J)/J","2022-05-24","54241_2L_Pen15711_Train",11.17,44.1,77.5,77.02,78.26,62.06,8.17,1,"CFC_Train","2024-01-29",20.203679369251,20,9.56,39.37,39.79,41.87,44.05,34.92,6.81,1,"CFC_Test","2024-01-30"
54242,"PM","Female","(CByB6F1/J x C3D2F1/J)/J","2022-05-24","54242_Pen15711_Ear2R1L",0,0,0,0,4.37,4.61,5,1,"CFC_Train","2024-01-29",20.203679369251,20,24.53,20.58,27.29,26.25,2.92,20.25,1.33,1,"CFC_Test","2024-01-30"
54243,"AM","Female","(CByB6F1/J x C3D2F1/J)/J","2022-05-24","54243_Ear1R2L_Pen15711",0,0,5,36.25,10,12.72,5.58,1,"CFC_Train","2024-01-30",20.2365308804205,20,29.11,29.31,22.29,27.44,22.76,26.22,16.36,1,"CFC_Test","2024-01-31"
54244,"AM","Female","(CByB6F1/J x C3D2F1/J)/J","2022-05-24","54244_Pen15711_Ear2B",23.5,0,0,25.47,32.5,27.18,6.48,1,"CFC_Train","2024-01-31",20.26938239159,20,26.61,34.3,41.25,36.59,64.51,40.56,13.29,1,"CFC_Test","2024-02-01"
54246,"AM","Female","(CByB6F1/J x C3D2F1/J)/J","2022-05-24","54246_Pen15712_EarN",30.33,20.62,13.75,36.65,19.25,39.76,7.24,1,"CFC_Train","2024-02-12",20.6636005256242,21,29.94,37.01,50.94,47.4,51.88,43.42,4.5,1,"CFC_Test","2024-02-13"
54247,NA,NA,NA,NA,NA,NA,NA,NA,NA,NA,NA,NA,NA,NA,NA,NA,NA,60.5,55.51,26.82,54.68,62.63,52.06,8.71,1,"CFC_Test","2024-02-13"
54249,"AM","Female","(CByB6F1/J x C3D2F1/J)/J","2022-05-24","54249_Pen15712_EarB",2,0,20.62,11.8,24.37,19.29,7.92,1,"CFC_Train","2024-02-13",20.6964520367937,21,30.77,63.62,56.46,45.74,27.97,44.89,13.86,1,"CFC_Test","2024-02-14"
54250,"AM","Female","(CByB6F1/J x C3D2F1/J)/J","2022-05-24","54250_Pen15712_Ear3R",2.16,81.37,78.88,53.75,75.62,61.32,10.25,1,"CFC_Train","2024-02-14",20.7293035479632,21,64.03,55.42,58.63,68.75,75.78,64.57,9.79,1,"CFC_Test","2024-02-15"
54251,"PM","Female","(CByB6F1/J x C3D2F1/J)/J","2022-05-24","54251_Pen15713_Ear2L",6.66,3.73,3.73,26.09,13.04,20.43,4.96,1,"CFC_Train","2024-02-15",20.7621550591327,21,12.89,34.3,33.68,35.62,39.17,31.08,11.86,1,"CFC_Test","2024-02-16"
54252,"AM","Female","(CByB6F1/J x C3D2F1/J)/J","2022-05-24","54252_Pen15713_Ear2R1L",5.67,1.24,26.71,0,6.88,16.21,7.64,1,"CFC_Train","2024-02-19",20.8935611038108,21,22.66,15.8,18.71,21.25,16.91,19.04,11.93,1,"CFC_Test","2024-02-20"
54253,"PM","Female","(CByB6F1/J x C3D2F1/J)/J","2022-05-24","54253_Pen15713_Ear1R2L",7.49,8.07,7.45,19.25,22.5,21.58,10.24,1,"CFC_Train","2024-02-19",20.8935611038108,21,31.46,48.86,48.96,55.62,44.58,45.87,7.11,1,"CFC_Test","2024-02-20"
54254,"AM","Female","(CByB6F1/J x C3D2F1/J)/J","2022-05-24","54254_Pen15713_Ear2B",9,33.75,52.17,28.57,34.16,32.12,9.62,1,"CFC_Train","2024-02-20",20.9264126149803,21,29.31,45.42,62.29,20.83,22.34,36.04,16.76,1,"CFC_Test","2024-02-21"
54255,"AM","Female","(CByB6F1/J x C3D2F1/J)/J","2022-05-24","54255_Pen15713_Ear3R",7.82,21.25,25,35.62,64.6,40.59,9.43,1,"CFC_Train","2024-02-21",20.9592641261498,21,66.32,66.04,77.5,61.12,28.75,59.96,13.5,1,"CFC_Test","2024-02-22"
54256,"PM","Female","(CByB6F1/J x C3D2F1/J)/J","2022-05-24","54256_Pen15714_EarN",15.83,11.18,36.65,26.09,45.96,35.37,7.75,1,"CFC_Train","2024-02-22",20.9921156373193,21,53.54,75.88,61.54,75.21,71.04,67.46,7.33,1,"CFC_Test","2024-02-23"
54257,"AM","Female","(CByB6F1/J x C3D2F1/J)/J","2022-05-24","54257_Pen15714_EarR",8.32,11.87,18.01,41.61,38.51,38.64,7.72,1,"CFC_Train","2024-02-26",21.1235216819974,21,44.7,66.67,62.37,70.69,48.02,58.48,9,1,"CFC_Test","2024-02-27"
54258,"PM","Female","(CByB6F1/J x C3D2F1/J)/J","2022-05-24","54258_EarL_Pen15714",4.83,26.09,46.87,51.55,76.87,44.64,8.08,1,"CFC_Train","2024-02-26",21.1235216819974,21,31.6,57.8,42.41,50.94,51.88,46.92,10.96,1,"CFC_Test","2024-02-27"
54259,"AM","Female","(CByB6F1/J x C3D2F1/J)/J","2022-05-24","54259_Pen15714_EarB",2.5,22.5,78.75,82.61,58.75,47.34,9.22,1,"CFC_Train","2024-02-27",21.1563731931669,21,45.74,70.42,74.84,28.69,33.54,50.67,12.92,1,"CFC_Test","2024-02-28"
54262,"AM","Female","(CByB6F1/J x C3D2F1/J)/J","2022-05-24","54262_Pen15715_Ear2R1L",10.98,6.83,34.37,9.94,77.5,45.71,4.71,1,"CFC_Train","2024-03-04",21.353482260184,21,8.54,53.22,49.06,12.27,25.47,29.72,7.43,1,"CFC_Test","2024-03-05"
54263,"PM","Female","(CByB6F1/J x C3D2F1/J)/J","2022-05-24","54263_Ear1R2L_Pen15715",9.32,25.62,36.87,26.71,66.25,36.07,10.55,1,"CFC_Train","2024-03-04",21.353482260184,21,51.98,46.25,58.84,48.54,61.38,53.42,12.83,1,"CFC_Test","2024-03-05"
54264,"AM","Female","(CByB6F1/J x C3D2F1/J)/J","2022-05-24","54264_Pen15715_Ear2B",3.83,50,16.87,39.13,76.87,39.61,7,1,"CFC_Train","2024-03-05",21.3863337713535,21,46.04,84.41,82.95,81.46,74.95,74.03,7.36,1,"CFC_Test","2024-03-06"
54265,"AM","Female","(CByB6F1/J x C3D2F1/J)/J","2022-05-24","54265_Pen15715_Ear3R",3.5,19.37,38.51,49.37,48.45,30.48,11.33,1,"CFC_Train","2024-03-06",21.419185282523,21,31.6,59.79,60.08,26.04,44.47,44.37,7.36,1,"CFC_Test","2024-03-07"
57443,"PM","Female","(CByB6F1/J x C3D2F1/J)/J","2022-11-08","57443_EarN_Pen16635",8,26.25,16.87,82.61,77.64,47.89,5,1,"CFC_Train","2024-07-18",20.3022339027595,20,56.55,79.21,73.75,55.42,73.12,67.58,4,1,"CFC_Test","2024-07-19"
57444,"AM","Female","(CByB6F1/J x C3D2F1/J)/J","2022-11-08","57444_Pen16635_EarR",9,46.25,24.84,37.27,4.35,30.62,4,1,"CFC_Train","2024-07-22",20.4336399474376,20,68.61,33.89,38.05,29.58,73.54,48.71,7,1,"CFC_Test","2024-07-23"
57445,"AM","Female","(CByB6F1/J x C3D2F1/J)/J","2022-11-08","57445_Pen16635_EarL",6.5,45.62,42.86,43.48,44.72,39.23,5.4,NA,"CFC_Train","2024-07-22",20.4336399474376,20,67.98,89.19,90.64,92.08,52.08,78.42,5,NA,"CFC_Test","2024-07-23"
57446,"AM","Female","(CByB6F1/J x C3D2F1/J)/J","2022-11-08","57446_Pen16635_EarB",8.17,48.12,25,6.21,42.5,40.64,4,1,"CFC_Train","2024-07-23",20.4664914586071,20,40.96,77.96,76.92,84.41,83.33,72.67,2.2,1,"CFC_Test","2024-07-24"
57449,"AM","Female","(CByB6F1/J x C3D2F1/J)/J","2022-11-08","57449_Pen16636_Ear2R1L",25.79,0,0,5.62,55,35.54,2,1,"CFC_Train","2024-07-24",20.4993429697766,20,50.52,75.26,66.87,53.33,51.67,59.5,9,1,"CFC_Test","2024-07-25"
57450,"PM","Female","(CByB6F1/J x C3D2F1/J)/J","2022-11-08","57450_Ear1R2L_Pen16636",0,25,7.45,36.87,78.88,44.93,2,1,"CFC_Train","2024-07-25",20.5321944809461,21,63.2,45.11,69.02,57.8,66.25,60.25,5,1,"CFC_Test","2024-07-26"
57451,"AM","Female","(CByB6F1/J x C3D2F1/J)/J","2022-11-08","57451_Pen16636_Ear2B",11.98,9.94,16.15,56.87,62.5,34.5,3,1,"CFC_Train","2024-07-29",20.6636005256242,21,35.34,55.93,56.25,42.92,55.53,49.21,4.5,1,"CFC_Test","2024-07-30"
57452,"AM","Female","(CByB6F1/J x C3D2F1/J)/J","2022-11-08","57452_Pen16636_Ear3R",7.32,37.89,86.96,58.75,70,57.32,8,NA,"CFC_Train","2024-07-29",20.6636005256242,21,38.05,69.65,85.21,90.42,54.7,67.58,7,NA,"CFC_Test","2024-07-30"
57453,"AM","Female","(CByB6F1/J x C3D2F1/J)/J","2022-11-08","57453_Pen16637_EarN",6.99,11.87,13.75,15,52.5,29.21,5,1,"CFC_Train","2024-07-30",20.6964520367937,21,56.96,66.53,42.41,41.37,55.21,52.5,2,1,"CFC_Test","2024-07-31"
57454,"AM","Female","(CByB6F1/J x C3D2F1/J)/J","2022-11-08","57454_Pen16637_EarR",3.83,11.87,17.5,21.25,25.62,21.79,8,NA,"CFC_Train","2024-07-30",20.6964520367937,21,25.57,77.75,33.89,36.17,31.46,40.96,8,NA,"CFC_Test","2024-07-31"
57455,"AM","Female","(CByB6F1/J x C3D2F1/J)/J","2022-11-08","57455_Pen16637_EarL",26.96,15,59.63,50.93,66.46,48.68,4,1,"CFC_Train","2024-07-31",20.7293035479632,21,61.12,87.71,83.75,75.68,70.21,75.71,7,1,"CFC_Test","2024-08-01"
57456,"PM","Female","(CByB6F1/J x C3D2F1/J)/J","2022-11-08","57456_EarB_Pen16637",9,47.2,73.12,88.82,70,58.14,4,1,"CFC_Train","2024-08-01",20.7621550591327,21,62.16,88.15,78.96,77.96,87.5,78.96,6,1,"CFC_Test","2024-08-02"
57457,"AM","Female","(CByB6F1/J x C3D2F1/J)/J","2022-11-08","57457_Pen16637_Ear2R",3.99,0,2.48,46.58,49.37,18.51,6,1,"CFC_Train","2024-08-05",20.8935611038108,21,35.76,67.08,42.5,29.58,26.04,40.21,5.6,1,"CFC_Test","2024-08-06"
57458,"AM","Female","(CByB6F1/J x C3D2F1/J)/J","2022-11-08","57458_Pen16638_Ear3R1L",7.82,11.25,56.52,26.09,62.5,35.12,4.2,NA,"CFC_Train","2024-08-05",20.8935611038108,21,34.1,50.42,31.46,58.54,24.58,39.83,13,NA,"CFC_Test","2024-08-06"
57459,"AM","Female","(CByB6F1/J x C3D2F1/J)/J","2022-11-08","57459_Pen16638_Ear2R1L",14.48,63.98,41.61,36.65,23.6,37,5,1,"CFC_Train","2024-08-06",20.9264126149803,21,11.85,36.04,15.59,47.5,31.73,28.55,3,1,"CFC_Test","2024-08-07"
57460,"AM","Female","(CByB6F1/J x C3D2F1/J)/J","2022-11-08","57460_Ear1R2L_Pen16638",1.5,0,2.5,33.54,15,27.04,14,1,"CFC_Train","2024-08-21",21.419185282523,21,5.42,33.47,20.17,40.33,54.7,30.8,4,1,"CFC_Test","2024-08-22"
57461,"AM","Female","(CByB6F1/J x C3D2F1/J)/J","2022-11-08","57461_Pen16638_Ear2B",10.48,2.5,31.25,3.73,16.25,20.32,6,1,"CFC_Train","2024-08-07",20.9592641261498,21,30.21,40.12,24.53,38.46,74.58,41.58,5.7,1,"CFC_Test","2024-08-08"
57462,"PM","Female","(CByB6F1/J x C3D2F1/J)/J","2022-11-08","57462_Ear3L_Pen16638",17.47,3.11,13.75,20.5,12.5,36.18,4,1,"CFC_Train","2024-08-08",20.9921156373193,21,12.81,41.87,13.12,56.52,36.45,23.25,7,1,"CFC_Test","2024-08-09"
57463,"AM","Female","(CByB6F1/J x C3D2F1/J)/J","2022-11-08","57463_Pen16639_EarN",0.83,0,8.07,6.25,42.24,15.58,6.2,1,"CFC_Train","2024-08-12",21.1235216819974,21,2.92,11.85,17.26,16.22,12.5,12.12,5,1,"CFC_Test","2024-08-13"
57464,"AM","Female","(CByB6F1/J x C3D2F1/J)/J","2022-11-08","57464_Pen16639_EarR",12.15,33.75,52.8,60,50.31,53.88,2.6,NA,"CFC_Train","2024-08-12",21.1235216819974,21,41.87,46.36,80.04,75.05,40.83,56.87,3.2,NA,"CFC_Test","2024-08-13"
57465,"AM","Female","(CByB6F1/J x C3D2F1/J)/J","2022-11-08","57465_Pen16639_EarL",9.5,7.45,25,65.62,8.12,34.05,2.1,1,"CFC_Train","2024-08-13",21.1563731931669,21,65.07,70.06,88.33,88.15,70.83,76.5,3.9,1,"CFC_Test","2024-08-14"
57468,"PM","Female","(CByB6F1/J x C3D2F1/J)/J","2022-11-08","57468_Ear2L_Pen16640",0,13.04,20.62,38.51,58.75,33.11,3,1,"CFC_Train","2024-08-15",21.2220762155059,21,40.33,52.81,69.02,67.98,55.83,57.17,8,1,"CFC_Test","2024-08-16"
57472,"AM","Female","(CByB6F1/J x C3D2F1/J)/J","2022-11-08","57472_Ear3R_Pen16640",0,21.25,26.71,62.5,82.5,40.01,8.3,1,"CFC_Train","2024-08-26",21.5834428383706,22,NA,NA,NA,NA,NA,NA,NA,NA,NA,NA
57930,"AM","Female","(CByB6F1/J x C3D2F1/J)/J","2022-12-13","57930_Pen16779_Ear2L",5.32,0,25,60,73.12,38.04,7.5,1,"CFC_Train","2024-06-24",18.3639947437582,18,27.65,67.15,45.42,59.88,56.04,51.25,3.03,1,"CFC_Test","2024-06-25"
57931,"AM","Female","(CByB6F1/J x C3D2F1/J)/J","2022-12-13","57931_Pen16679_Ear2R1L",0.67,2.5,32.92,64.37,3.75,40.43,6.38,1,"CFC_Train","2024-06-25",18.3968462549277,18,64.66,86.87,88.36,52.08,55.11,69.42,5.08,1,"CFC_Test","2024-06-26"
57932,"AM","Female","(CByB6F1/J x C3D2F1/J)/J","2022-12-13","57932_Pen16779_Ear1R2L",1.16,8.75,42.24,60.62,35,35.75,3.5,NA,"CFC_Train","2024-06-25",18.3968462549277,18,79,63.75,64.86,71.87,80.79,72.04,5.4,NA,"CFC_Test","2024-06-26"
57933,"AM","Female","(CByB6F1/J x C3D2F1/J)/J","2022-12-13","57933_Pen16779_Ear2B",2.17,0,42.24,47.5,59.63,47.57,4,1,"CFC_Train","2024-06-26",18.4296977660972,18,65.28,83.75,86.46,54.37,45.72,67.12,4.83,1,"CFC_Test","2024-06-27"
57934,"AM","Female","(CByB6F1/J x C3D2F1/J)/J","2022-12-13","57934_Ear3R_Pen16779",9.32,0,0,39.37,46.87,32.89,5.07,1,"CFC_Train","2024-06-27",18.4625492772668,18,58.84,57.59,33.26,51.98,65.21,53.33,5.67,1,"CFC_Test","2024-06-28"
58512,"AM","Female","(CByB6F1/J x C3D2F1/J)/J","2023-02-07","58512_EarN_Pen16942",6.66,0,15.53,49.07,76.4,39.25,9,1,"CFC_Train","2024-09-16",19.2838370565046,19,42.83,66.53,62.58,43.12,55.42,54.08,8,1,"CFC_Test","2024-09-17"
58513,"AM","Female","(CByB6F1/J x C3D2F1/J)/J","2023-02-07","58513_EarR_Pen16942",0,15.53,29.19,49.07,63.35,36.79,11.71,NA,"CFC_Train","2024-09-16",19.2838370565046,19,35.55,56.96,56.76,71.46,72.92,58.71,22.02,NA,"CFC_Test","2024-09-17"
58514,"AM","Female","(CByB6F1/J x C3D2F1/J)/J","2023-02-07","58514_EarL_Pen16942",0,8.12,8.07,36.02,59.37,21.43,0.79,1,"CFC_Train","2024-09-17",19.3166885676741,19,16.46,29.11,47.29,30.42,29.23,30.51,7,NA,"CFC_Test","2024-09-17"
58515,"AM","Female","(CByB6F1/J x C3D2F1/J)/J","2023-02-07","58515_EarB_Pen16942",0,4.35,4.37,13.12,27.33,20.89,4.12,NA,"CFC_Train","2024-09-17",19.3166885676741,19,51.56,64.37,60.5,71.46,28.6,55.33,6,1,"CFC_Test","2024-09-19"
58516,"PM","Female","(CByB6F1/J x C3D2F1/J)/J","2023-02-07","58516_Pen16492_Ear2R",0,15.62,49.07,48.45,8.07,29.76,6,1,"CFC_Train","2024-09-19",19.3823915900131,19,38.46,45.95,29.52,24.32,48.75,37.37,6.93,1,"CFC_Test","2024-09-20"
58518,"AM","Female","(CByB6F1/J x C3D2F1/J)/J","2023-02-07","58518_Ear2R1L_Pen16943",3.49,0,0,9.37,31.87,25.25,7,1,"CFC_Train","2024-09-23",19.5137976346912,20,18.09,53.75,51.77,17.29,56.37,39.46,1.8,1,"CFC_Test","2024-09-24"
58519,"AM","Female","(CByB6F1/J x C3D2F1/J)/J","2023-02-07","58519_Ear1R2L_Pen16943",5.16,10.62,45.62,56.87,68.12,44.71,17,NA,"CFC_Train","2024-09-23",19.5137976346912,20,62.37,85.42,60.29,65.21,63.67,67.37,12,NA,"CFC_Test","2024-09-24"
58520,"AM","Female","(CByB6F1/J x C3D2F1/J)/J","2023-02-07","58520_Ear2B_Pen16943",0.67,13.04,21.74,38.75,63.12,35.46,3,1,"CFC_Train","2024-09-24",19.5466491458607,20,31.81,47.29,52.81,58,41.54,46.23,7.5,1,"CFC_Test","2024-09-25"
58521,"PM","Female","(CByB6F1/J x C3D2F1/J)/J","2023-02-07","58521_Pen16943_Ear3R",4.83,17.5,41.87,49.69,55,35.46,5.26,1,"CFC_Train","2024-09-26",19.6123521681997,20,21.46,30.63,52.6,40.96,21.46,33.37,7,NA,"CFC_Test","2024-09-27"
58525,"AM","Female","(CByB6F1/J x C3D2F1/J)/J","2023-02-07","58525_EarB_Pen16944",0.83,5.59,13.66,22.36,59.63,21.64,4.38,1,"CFC_Train","2024-09-25",19.5795006570302,20,7.9,23.08,19.54,28.27,23.38,20.43,10.26,1,"CFC_Test","2024-09-26"
61603,"AM","Female","(CByB6F1/J x C3D2F1/J)/J","2024-06-04","61603_Pen17921_EarR",1.83,0,5.59,23.12,16.87,15.36,10.2,1,"CFC_Train","2024-11-07",5.12483574244415,5,56.76,66.25,69.44,24.37,21.87,47.79,6,1,"CFC_Test","2024-11-08"
61605,"AM","Female","(CByB6F1/J x C3D2F1/J)/J","2024-06-04","61605_EarB_Pen17920",0,0,2.48,9.94,13.66,9.72,5,1,"CFC_Train","2024-10-30",4.86202365308804,5,54.05,52.6,43.24,38.88,26.46,42.96,2.57,1,"CFC_Test","2024-10-31"
61606,"AM","Female","(CByB6F1/J x C3D2F1/J)/J","2024-06-04","61606_Pen17920_Ear2R",0,27.5,49.37,63.12,80.62,55.11,11,1,"CFC_Train","2024-10-31",4.89487516425756,5,46.78,59.58,66.46,14.79,0,37.54,0.7,1,"CFC_Test","2024-11-01"
61607,"AM","Female","(CByB6F1/J x C3D2F1/J)/J","2024-06-04","61607_Ear2L_Pen17921",4.33,8.75,26.25,18.75,40.99,26.32,6.64,1,"CFC_Train","2024-11-04",5.02628120893561,5,2.92,27.65,17.67,27.86,18.16,18.84,3.7,1,"CFC_Test","2024-11-05"
61608,"AM","Female","(CByB6F1/J x C3D2F1/J)/J","2024-06-04","61608_Pen17921_Ear2R1L",1.17,9.32,21.74,19.88,42.24,29.72,7,1,"CFC_Train","2024-11-11",5.25624178712221,5,25.16,56.34,46.36,63.41,24.79,43.29,7.33,1,"CFC_Test","2024-11-12"
61609,"AM","Female","(CByB6F1/J x C3D2F1/J)/J","2024-06-04","61609_Ear1R2L_Pen17921",0.67,9.94,9.37,50.93,62.11,38.19,4.64,1,"CFC_Train","2024-11-05",5.05913272010512,5,32.22,56.25,62.92,64.79,71.4,57.48,5.7,1,"CFC_Test","2024-11-06"
61610,"AM","Female","(CByB6F1/J x C3D2F1/J)/J","2024-06-04","61610_Ear2B_Pen17921",3.17,0,0,16.25,3.11,17.43,3,1,"CFC_Train","2024-11-06",5.09198423127464,5,55.33,61.49,50,52.5,54.63,55.17,20.7,1,"CFC_Test","2024-11-07"
61611,"AM","Female","(CByB6F1/J x C3D2F1/J)/J","2024-06-04","61611_Ear3L_Pen17921",0,11.87,29.81,40,41.61,34.86,3.29,NA,"CFC_Train","2024-11-06",5.09198423127464,5,52.83,84.47,83.75,93.75,79.63,71.83,11.67,NA,"CFC_Test","2024-11-07"
61612,"AM","Female","(CByB6F1/J x C3D2F1/J)/J","2024-06-04","61612_EarN_Pen17922",1.67,8.75,0,0,6.25,17.11,4,1,"CFC_Train","2024-12-02",5.946123521682,6,13.96,12.92,0,7.5,17.29,10.33,0.9,1,"CFC_Test","2024-12-03"
61613,"AM","Female","(CByB6F1/J x C3D2F1/J)/J","2024-06-04","61613_EarR_Pen17922",0,3.12,17.39,21.12,31.87,31.04,10,NA,"CFC_Train","2024-12-02",5.946123521682,6,28.48,28.12,37.29,9.17,2.92,21.21,4.9,1,"CFC_Test","2024-12-03"
61614,"AM","Female","(CByB6F1/J x C3D2F1/J)/J","2024-06-04","61614_EarL_Pen17922",2,8.7,27.95,62.73,65.62,48.25,12,1,"CFC_Train","2024-12-03",5.97897503285151,6,67.98,69.17,78.38,90.83,92.69,79.78,5.83,1,"CFC_Test","2024-12-04"
61615,"AM","Female","(CByB6F1/J x C3D2F1/J)/J","2024-06-04","61615_EarB_Pen17922",0,3.11,13.66,44.72,52.8,32.07,2.21,1,"CFC_Train","2024-12-04",6.01182654402102,6,47.71,69.44,65.28,65.9,83.92,66.4,1.67,1,"CFC_Test","2024-12-05"
61616,NA,NA,NA,NA,NA,NA,NA,NA,NA,NA,NA,NA,NA,NA,NA,NA,NA,16.22,35.83,9.98,14.79,17.29,18.83,8,1,"CFC_Test","2024-12-10"
62127,"AM","Female","(CByB6F1/J x C3D2F1/J)/J","2024-06-04","62127_EarR_Pen18066",2.33,0,11.18,18.63,24.37,26.87,2.7,NA,"CFC_Train","2024-10-29",4.82917214191853,5,47.4,26.46,47.29,81.87,38.33,48.25,7.53,1,"CFC_Test","2024-10-30"
62128,"AM","Female","(CByB6F1/J x C3D2F1/J)/J","2024-06-04","62128_EarL_Pen18066",0,0,39.13,57.14,33.12,39.26,5.62,1,"CFC_Train","2024-10-29",4.82917214191853,5,27.86,85.42,33.12,42.08,2.92,38.29,10.71,NA,"CFC_Test","2024-10-30"
